"ID";"Archivo";"Linea";"Componente";"Control";"Etiqueta";"Tipo_actual";"Valor_o_vinculo";"readonly";"disabled";"required";"min";"max";"step";"maxLength";"pattern";"inputMode";"Politica_propuesta";"Regla_propuesta";"Atributos_y_eventos_actuales"
"UI-0001";"app/client-admin/src/App.tsx";"567";"CompactReportLayout";"input";"Fecha inicial:";"""date""";"{startDate}";"";"";"";"";"";"";"";"";"";"DATE";"Fecha real YYYY-MM-DD y orden de rango; validar en API, no solo atributo date.";"<input type=""date"" value={startDate} onChange={(event) => setStartDate(event.target.value)} />"
"UI-0002";"app/client-admin/src/App.tsx";"568";"CompactReportLayout";"input";"Fecha final:";"""date""";"{endDate}";"";"";"";"";"";"";"";"";"";"DATE";"Fecha real YYYY-MM-DD y orden de rango; validar en API, no solo atributo date.";"<input type=""date"" value={endDate} onChange={(event) => setEndDate(event.target.value)} />"
"UI-0003";"app/client-admin/src/App.tsx";"569";"CompactReportLayout";"select";"Moneda:";"text (por defecto)";"{currency}";"";"";"";"";"";"";"";"";"";"ENUM";"Solo opciones autorizadas del catálogo; comprobar pertenencia y permisos en API.";"<select value={currency} onChange={(event) => setCurrency(event.target.value)}>"
"UI-0004";"app/client-admin/src/App.tsx";"571";"CompactReportLayout";"select";"Ruta:";"text (por defecto)";"{routeId}";"";"";"";"";"";"";"";"";"";"ENUM";"Solo opciones autorizadas del catálogo; comprobar pertenencia y permisos en API.";"<select value={routeId} onChange={(event) => setRouteId(event.target.value)}>"
"UI-0005";"app/client-admin/src/App.tsx";"574";"CompactReportLayout";"select";"Zona:";"text (por defecto)";"{zone}";"";"";"";"";"";"";"";"";"";"ENUM";"Solo opciones autorizadas del catálogo; comprobar pertenencia y permisos en API.";"<select value={zone} onChange={(event) => setZone(event.target.value)}>"
"UI-0006";"app/client-admin/src/App.tsx";"577";"CompactReportLayout";"select";"Servicio:";"text (por defecto)";"{service}";"";"";"";"";"";"";"";"";"";"ENUM";"Solo opciones autorizadas del catálogo; comprobar pertenencia y permisos en API.";"<select value={service} onChange={(event) => setService(event.target.value)}>"
"UI-0007";"app/client-admin/src/App.tsx";"580";"CompactReportLayout";"input";"";"""checkbox""";"";"";"";"";"";"";"";"";"";"";"BOOL";"Solo booleano real; radios/checkboxes y validación API.";"<input type=""checkbox"" checked={filterCollector} onChange={(event) => setFilterCollector(event.target.checked)} />"
"UI-0008";"app/client-admin/src/App.tsx";"580";"CompactReportLayout";"select";"";"text (por defecto)";"{collectorId}";"";"{!filterCollector}";"";"";"";"";"";"";"";"ENUM";"Solo opciones autorizadas del catálogo; comprobar pertenencia y permisos en API.";"<select value={collectorId} disabled={!filterCollector} onChange={(event) => setCollectorId(event.target.value)}>"
"UI-0009";"app/client-admin/src/App.tsx";"602";"ReportLayout";"input";"Fecha inicial";"""date""";"";"";"";"";"";"";"";"";"";"";"DATE";"Fecha real YYYY-MM-DD y orden de rango; validar en API, no solo atributo date.";"<input type=""date"" defaultValue=""2026-09-01"" />"
"UI-0010";"app/client-admin/src/App.tsx";"603";"ReportLayout";"input";"Fecha final";"""date""";"";"";"";"";"";"";"";"";"";"";"DATE";"Fecha real YYYY-MM-DD y orden de rango; validar en API, no solo atributo date.";"<input type=""date"" defaultValue={snapshot.businessDate} />"
"UI-0011";"app/client-admin/src/App.tsx";"604";"ReportLayout";"select";"Moneda";"text (por defecto)";"";"";"";"";"";"";"";"";"";"";"ENUM";"Solo opciones autorizadas del catálogo; comprobar pertenencia y permisos en API.";"<select defaultValue=""Peso Dominicano"">"
"UI-0012";"app/client-admin/src/App.tsx";"652";"ReportView";"select";"Ruta:";"text (por defecto)";"";"";"";"";"";"";"";"";"";"";"ENUM";"Solo opciones autorizadas del catálogo; comprobar pertenencia y permisos en API.";"<select defaultValue="""">"
"UI-0013";"app/client-admin/src/App.tsx";"655";"ReportView";"select";"Zona:";"text (por defecto)";"";"";"";"";"";"";"";"";"";"";"ENUM";"Solo opciones autorizadas del catálogo; comprobar pertenencia y permisos en API.";"<select defaultValue="""">"
"UI-0014";"app/client-admin/src/App.tsx";"658";"ReportView";"select";"Servicio:";"text (por defecto)";"";"";"";"";"";"";"";"";"";"";"ENUM";"Solo opciones autorizadas del catálogo; comprobar pertenencia y permisos en API.";"<select defaultValue="""">"
"UI-0015";"app/client-admin/src/App.tsx";"661";"ReportView";"input";"";"""checkbox""";"";"";"";"";"";"";"";"";"";"";"BOOL";"Solo booleano real; radios/checkboxes y validación API.";"<input type=""checkbox"" />"
"UI-0016";"app/client-admin/src/App.tsx";"661";"ReportView";"select";"";"text (por defecto)";"";"";"";"";"";"";"";"";"";"";"ENUM";"Solo opciones autorizadas del catálogo; comprobar pertenencia y permisos en API.";"<select defaultValue="""">"
"UI-0017";"app/client-admin/src/App.tsx";"1173";"ReportOutputActions";"select";"";"text (por defecto)";"{format}";"";"";"";"";"";"";"";"";"";"ENUM";"Solo opciones autorizadas del catálogo; comprobar pertenencia y permisos en API.";"<select id={`report-export-${title}`} value={format} onChange={(event) => setFormat(event.target.value)}>"
"UI-0018";"app/client-admin/src/App.tsx";"1234";"PendingClientChargesReport";"input";"Fecha inicial:";"""date""";"{startDate}";"";"";"";"";"";"";"";"";"";"DATE";"Fecha real YYYY-MM-DD y orden de rango; validar en API, no solo atributo date.";"<input type=""date"" value={startDate} onChange={(event) => setStartDate(event.target.value)} />"
"UI-0019";"app/client-admin/src/App.tsx";"1235";"PendingClientChargesReport";"input";"Fecha final:";"""date""";"{endDate}";"";"";"";"";"";"";"";"";"";"DATE";"Fecha real YYYY-MM-DD y orden de rango; validar en API, no solo atributo date.";"<input type=""date"" value={endDate} onChange={(event) => setEndDate(event.target.value)} />"
"UI-0020";"app/client-admin/src/App.tsx";"1236";"PendingClientChargesReport";"select";"Moneda:";"text (por defecto)";"{currency}";"";"";"";"";"";"";"";"";"";"ENUM";"Solo opciones autorizadas del catálogo; comprobar pertenencia y permisos en API.";"<select value={currency} onChange={(event) => setCurrency(event.target.value)}>"
"UI-0021";"app/client-admin/src/App.tsx";"1252";"LegacyCheck";"input";"{checked ? ""Activo"" : ""Inactivo""}";"""checkbox""";"";"true";"";"";"";"";"";"";"";"";"READONLY";"Valor calculado/servidor: no aceptar edición; recalcular/verificar en API.";"<input type=""checkbox"" checked={checked} readOnly aria-label={checked ? ""Activo"" : ""Inactivo""} />"
"UI-0022";"app/client-admin/src/App.tsx";"1342";"CollectorFormLegacyDialog";"input";"Cobrador:";"text (por defecto)";"{draft.name}";"";"";"";"";"";"";"";"";"";"NAME";"Texto Unicode legible: letras con acentos, números cuando sea nombre comercial/catálogo y puntuación legítima; límites por contrato; sin controles invisibles.";"<input autoFocus value={draft.name} onChange={(event) => update(""name"", event.target.value)} />"
"UI-0023";"app/client-admin/src/App.tsx";"1344";"CollectorFormLegacyDialog";"input";"Ident.:";"text (por defecto)";"{draft.ident}";"";"";"";"";"";"";"";"";"";"CODE";"Texto identificador: letras/números y separadores acordados (- _ . /); mantener ceros iniciales; no forzar UUID ni número a códigos legacy.";"<input value={draft.ident} onChange={(event) => update(""ident"", event.target.value)} />"
"UI-0024";"app/client-admin/src/App.tsx";"1345";"CollectorFormLegacyDialog";"input";"Celular:";"text (por defecto)";"{draft.cellular}";"";"";"";"";"";"";"";"";"";"PHONE";"Dígitos, + inicial, espacios, guiones y paréntesis; validar 8–15 dígitos tras normalización; vacío si opcional; máximo API 40.";"<input value={draft.cellular} onChange={(event) => update(""cellular"", event.target.value)} />"
"UI-0025";"app/client-admin/src/App.tsx";"1347";"CollectorFormLegacyDialog";"input";"Cuenta:";"text (por defecto)";"{draft.accountId}";"true";"true";"";"";"";"";"";"";"";"READONLY";"Valor calculado/servidor: no aceptar edición; recalcular/verificar en API.";"<input value={draft.accountId} disabled readOnly />"
"UI-0026";"app/client-admin/src/App.tsx";"1443";"ZoneSelectDialog";"select";"Seleccione:";"text (por defecto)";"{selected}";"";"";"";"";"";"";"";"";"";"ENUM";"Solo opciones autorizadas del catálogo; comprobar pertenencia y permisos en API.";"<select autoFocus value={selected} onChange={(event) => setSelected(event.target.value)}>"
"UI-0027";"app/client-admin/src/App.tsx";"1461";"LineSelectDialog";"select";"Seleccione:";"text (por defecto)";"{selectedAbbr}";"";"";"";"";"";"";"";"";"";"ENUM";"Solo opciones autorizadas del catálogo; comprobar pertenencia y permisos en API.";"<select autoFocus value={selectedAbbr} onChange={(event) => setSelectedAbbr(event.target.value)}>"
"UI-0028";"app/client-admin/src/App.tsx";"1474";"RouteSelectDialog";"select";"Seleccione:";"text (por defecto)";"{selectedRouteId}";"";"";"";"";"";"";"";"";"";"ENUM";"Solo opciones autorizadas del catálogo; comprobar pertenencia y permisos en API.";"<select autoFocus value={selectedRouteId} onChange={(event) => setSelectedRouteId(event.target.value)}>"
"UI-0029";"app/client-admin/src/App.tsx";"1562";"CollectorCashBalancesDialog";"select";"Moneda";"text (por defecto)";"{currency}";"";"";"";"";"";"";"";"";"";"ENUM";"Solo opciones autorizadas del catálogo; comprobar pertenencia y permisos en API.";"<select value={currency} onChange={(event) => setCurrency(event.target.value)}>"
"UI-0030";"app/client-admin/src/App.tsx";"1563";"CollectorCashBalancesDialog";"input";"Fecha Inicial";"""date""";"{fromDate}";"";"";"";"";"";"";"";"";"";"DATE";"Fecha real YYYY-MM-DD y orden de rango; validar en API, no solo atributo date.";"<input type=""date"" value={fromDate} onChange={(event) => setFromDate(event.target.value)} />"
"UI-0031";"app/client-admin/src/App.tsx";"1564";"CollectorCashBalancesDialog";"input";"Fecha Final";"""date""";"{toDate}";"";"";"";"";"";"";"";"";"";"DATE";"Fecha real YYYY-MM-DD y orden de rango; validar en API, no solo atributo date.";"<input type=""date"" value={toDate} onChange={(event) => setToDate(event.target.value)} />"
"UI-0032";"app/client-admin/src/App.tsx";"1752";"PcpStationDialog";"input";"Estación:";"text (por defecto)";"{draft.station}";"";"";"";"";"";"";"";"";"";"NAME";"Texto Unicode legible: letras con acentos, números cuando sea nombre comercial/catálogo y puntuación legítima; límites por contrato; sin controles invisibles.";"<input autoFocus value={draft.station} onChange={(event) => update(""station"", event.target.value)} />"
"UI-0033";"app/client-admin/src/App.tsx";"1754";"PcpStationDialog";"input";"Nro.:";"""number""";"{draft.number}";"";"";"";"";"";"";"";"";"";"CODE";"Texto identificador: letras/números y separadores acordados (- _ . /); mantener ceros iniciales; no forzar UUID ni número a códigos legacy.";"<input type=""number"" value={draft.number} onChange={(event) => update(""number"", Number(event.target.value))} />"
"UI-0034";"app/client-admin/src/App.tsx";"1755";"PcpStationDialog";"input";"ID:";"text (por defecto)";"{draft.deviceId}";"";"";"";"";"";"";"";"";"";"CODE";"Texto identificador: letras/números y separadores acordados (- _ . /); mantener ceros iniciales; no forzar UUID ni número a códigos legacy.";"<input value={draft.deviceId} onChange={(event) => update(""deviceId"", event.target.value)} />"
"UI-0035";"app/client-admin/src/App.tsx";"1758";"PcpStationDialog";"input";"Lic.:";"text (por defecto)";"{draft.license}";"";"";"";"";"";"";"";"";"";"CODE";"Texto identificador: letras/números y separadores acordados (- _ . /); mantener ceros iniciales; no forzar UUID ni número a códigos legacy.";"<input value={draft.license} onChange={(event) => update(""license"", event.target.value)} />"
"UI-0036";"app/client-admin/src/App.tsx";"1762";"PcpStationDialog";"input";"Descrip.:";"text (por defecto)";"{draft.description}";"";"";"";"";"";"";"";"";"";"TEXT";"Texto plano Unicode con puntuación legítima; longitud por contrato, sin NUL/controles; saltos de línea solo donde corresponda; escapar al exportar/renderizar.";"<input value={draft.description} onChange={(event) => update(""description"", event.target.value)} />"
"UI-0037";"app/client-admin/src/App.tsx";"1764";"PcpStationDialog";"select";"Grupo:";"text (por defecto)";"{draft.group}";"";"";"";"";"";"";"";"";"";"ENUM";"Solo opciones autorizadas del catálogo; comprobar pertenencia y permisos en API.";"<select value={draft.group} onChange={(event) => update(""group"", event.target.value)}>"
"UI-0038";"app/client-admin/src/App.tsx";"1765";"PcpStationDialog";"select";"Tipo:";"text (por defecto)";"{draft.type}";"";"";"";"";"";"";"";"";"";"ENUM";"Solo opciones autorizadas del catálogo; comprobar pertenencia y permisos en API.";"<select value={draft.type} onChange={(event) => update(""type"", event.target.value)}>"
"UI-0039";"app/client-admin/src/App.tsx";"1798";"DelayReasonValueDialog";"input";"Valor:";"""text""";"{value}";"";"";"";"";"";"";"";"";"";"TEXT";"Texto plano Unicode con puntuación legítima; longitud por contrato, sin NUL/controles; saltos de línea solo donde corresponda; escapar al exportar/renderizar.";"<input type=""text"" autoFocus value={value} onChange={(event) => setValue(event.target.value)} />"
"UI-0040";"app/client-admin/src/App.tsx";"1927";"RouteDataDialog";"input";"";"text (por defecto)";"{draft.number}";"";"";"";"";"";"";"";"";"";"CODE";"Texto identificador: letras/números y separadores acordados (- _ . /); mantener ceros iniciales; no forzar UUID ni número a códigos legacy.";"<input className=""route-code-input"" autoFocus value={draft.number} onChange={(event) => update(""number"", event.target.value)} />"
"UI-0041";"app/client-admin/src/App.tsx";"1928";"RouteDataDialog";"input";"";"text (por defecto)";"{draft.name}";"";"";"";"";"";"";"";"";"";"NAME";"Texto Unicode legible: letras con acentos, números cuando sea nombre comercial/catálogo y puntuación legítima; límites por contrato; sin controles invisibles.";"<input className=""route-name-input"" value={draft.name} onChange={(event) => update(""name"", event.target.value)} />"
"UI-0042";"app/client-admin/src/App.tsx";"1930";"RouteDataDialog";"input";"";"""text""";"{draft.from}";"";"";"";"";"";"";"";"";"";"TEXT";"Texto plano Unicode con puntuación legítima; longitud por contrato, sin NUL/controles; saltos de línea solo donde corresponda; escapar al exportar/renderizar.";"<input type=""text"" value={draft.from} onChange={(event) => update(""from"", event.target.value)} />"
"UI-0043";"app/client-admin/src/App.tsx";"1931";"RouteDataDialog";"input";"";"""text""";"{draft.to}";"";"";"";"";"";"";"";"";"";"TEXT";"Texto plano Unicode con puntuación legítima; longitud por contrato, sin NUL/controles; saltos de línea solo donde corresponda; escapar al exportar/renderizar.";"<input type=""text"" value={draft.to} onChange={(event) => update(""to"", event.target.value)} />"
"UI-0044";"app/client-admin/src/App.tsx";"2125";"SessionsLegacyView";"input";"";"""radio""";"";"";"";"";"";"";"";"";"";"";"BOOL";"Solo booleano real; radios/checkboxes y validación API.";"<input type=""radio"" name=""session-filter"" checked={filterMode === ""all""} onChange={() => setFilterMode(""all"")} />"
"UI-0045";"app/client-admin/src/App.tsx";"2126";"SessionsLegacyView";"input";"";"""radio""";"";"";"";"";"";"";"";"";"";"";"BOOL";"Solo booleano real; radios/checkboxes y validación API.";"<input type=""radio"" name=""session-filter"" checked={filterMode === ""user""} onChange={() => setFilterMode(""user"")} />"
"UI-0046";"app/client-admin/src/App.tsx";"2127";"SessionsLegacyView";"select";"";"text (por defecto)";"{selectedUser}";"";"";"";"";"";"";"";"";"";"ENUM";"Solo opciones autorizadas del catálogo; comprobar pertenencia y permisos en API.";"<select value={selectedUser} onChange={(event) => { setSelectedUser(event.target.value); setFilterMode(""user""); }}>"
"UI-0047";"app/client-admin/src/App.tsx";"2128";"SessionsLegacyView";"input";"Fecha inicial:";"""date""";"{fromDate}";"";"";"";"";"";"";"";"";"";"DATE";"Fecha real YYYY-MM-DD y orden de rango; validar en API, no solo atributo date.";"<input type=""date"" value={fromDate} onChange={(event) => setFromDate(event.target.value)} />"
"UI-0048";"app/client-admin/src/App.tsx";"2129";"SessionsLegacyView";"input";"Fecha final:";"""date""";"{toDate}";"";"";"";"";"";"";"";"";"";"DATE";"Fecha real YYYY-MM-DD y orden de rango; validar en API, no solo atributo date.";"<input type=""date"" value={toDate} onChange={(event) => setToDate(event.target.value)} />"
"UI-0049";"app/client-admin/src/App.tsx";"2130";"SessionsLegacyView";"select";"Estado:";"text (por defecto)";"{statusFilter}";"";"";"";"";"";"";"";"";"";"ENUM";"Solo opciones autorizadas del catálogo; comprobar pertenencia y permisos en API.";"<select value={statusFilter} onChange={(event) => setStatusFilter(event.target.value)}>"
"UI-0050";"app/client-admin/src/App.tsx";"2248";"ClientDataDialog";"input";"";"text (por defecto)";"{draft.code}";"";"";"";"";"";"";"";"";"";"CODE";"Texto identificador: letras/números y separadores acordados (- _ . /); mantener ceros iniciales; no forzar UUID ni número a códigos legacy.";"<input autoFocus value={draft.code} onChange={(event) => update(""code"", event.target.value)} />"
"UI-0051";"app/client-admin/src/App.tsx";"2249";"ClientDataDialog";"input";"""Número del documento""";"text (por defecto)";"{draft.identification}";"";"";"{!client}";"";"";"";"{80}";"";"";"CODE";"Texto identificador: letras/números y separadores acordados (- _ . /); mantener ceros iniciales; no forzar UUID ni número a códigos legacy.";"<input required={!client} maxLength={80} placeholder=""Número del documento"" value={draft.identification} onChange={(event) => update(""identification"", event.target.value)} />"
"UI-0052";"app/client-admin/src/App.tsx";"2250";"ClientDataDialog";"input";"";"text (por defecto)";"{draft.name}";"";"";"";"";"";"";"";"";"";"NAME";"Texto Unicode legible: letras con acentos, números cuando sea nombre comercial/catálogo y puntuación legítima; límites por contrato; sin controles invisibles.";"<input value={draft.name} onChange={(event) => update(""name"", event.target.value)} />"
"UI-0053";"app/client-admin/src/App.tsx";"2251";"ClientDataDialog";"input";"";"text (por defecto)";"{draft.alias}";"";"";"";"";"";"";"";"";"";"NAME";"Texto Unicode legible: letras con acentos, números cuando sea nombre comercial/catálogo y puntuación legítima; límites por contrato; sin controles invisibles.";"<input value={draft.alias} onChange={(event) => update(""alias"", event.target.value)} />"
"UI-0054";"app/client-admin/src/App.tsx";"2252";"ClientDataDialog";"input";"";"text (por defecto)";"{draft.address}";"";"";"";"";"";"";"";"";"";"TEXT";"Texto plano Unicode con puntuación legítima; longitud por contrato, sin NUL/controles; saltos de línea solo donde corresponda; escapar al exportar/renderizar.";"<input value={draft.address} onChange={(event) => update(""address"", event.target.value)} />"
"UI-0055";"app/client-admin/src/App.tsx";"2253";"ClientDataDialog";"input";"""No definida""";"text (por defecto)";"{draft.location}";"";"";"";"";"";"";"";"";"";"TEXT";"Texto plano Unicode con puntuación legítima; longitud por contrato, sin NUL/controles; saltos de línea solo donde corresponda; escapar al exportar/renderizar.";"<input placeholder=""No definida"" value={draft.location} onChange={(event) => update(""location"", event.target.value)} />"
"UI-0056";"app/client-admin/src/App.tsx";"2254";"ClientDataDialog";"select";"";"text (por defecto)";"{draft.zone}";"";"";"";"";"";"";"";"";"";"ENUM";"Solo opciones autorizadas del catálogo; comprobar pertenencia y permisos en API.";"<select value={draft.zone} onChange={(event) => update(""zone"", event.target.value)}>"
"UI-0057";"app/client-admin/src/App.tsx";"2255";"ClientDataDialog";"select";"";"text (por defecto)";"{draft.routeId}";"";"";"";"";"";"";"";"";"";"ENUM";"Solo opciones autorizadas del catálogo; comprobar pertenencia y permisos en API.";"<select value={draft.routeId} onChange={(event) => update(""routeId"", event.target.value)}>"
"UI-0058";"app/client-admin/src/App.tsx";"2256";"ClientDataDialog";"select";"""Moneda preferida del cliente""";"text (por defecto)";"{draft.preferredCurrency}";"";"";"";"";"";"";"";"";"";"ENUM";"Solo opciones autorizadas del catálogo; comprobar pertenencia y permisos en API.";"<select aria-label=""Moneda preferida del cliente"" value={draft.preferredCurrency} onChange={(event) => setDraft((current) => ({ ...current, preferredCurrency: event.target.value as ClientLegacyDraft[""preferredCurrency""] }))}>"
"UI-0059";"app/client-admin/src/App.tsx";"2258";"ClientDataDialog";"input";"Teléfono:";"text (por defecto)";"{draft.phone}";"";"";"";"";"";"";"";"";"";"PHONE";"Dígitos, + inicial, espacios, guiones y paréntesis; validar 8–15 dígitos tras normalización; vacío si opcional; máximo API 40.";"<input value={draft.phone} onChange={(event) => update(""phone"", event.target.value)} />"
"UI-0060";"app/client-admin/src/App.tsx";"2259";"ClientDataDialog";"input";"Celular:";"text (por defecto)";"{draft.cellular}";"";"";"";"";"";"";"";"";"";"PHONE";"Dígitos, + inicial, espacios, guiones y paréntesis; validar 8–15 dígitos tras normalización; vacío si opcional; máximo API 40.";"<input value={draft.cellular} onChange={(event) => update(""cellular"", event.target.value)} />"
"UI-0061";"app/client-admin/src/App.tsx";"2260";"ClientDataDialog";"input";"EMail:";"text (por defecto)";"{draft.email}";"";"";"";"";"";"";"";"";"";"EMAIL";"Validar correo completo; admite @ . + _ y símbolos válidos; opcional vacío si contrato lo permite; máximo API 200.";"<input value={draft.email} onChange={(event) => update(""email"", event.target.value)} />"
"UI-0062";"app/client-admin/src/App.tsx";"2262";"ClientDataDialog";"input";"";"text (por defecto)";"{draft.note}";"";"";"";"";"";"";"";"";"";"TEXT";"Texto plano Unicode con puntuación legítima; longitud por contrato, sin NUL/controles; saltos de línea solo donde corresponda; escapar al exportar/renderizar.";"<input value={draft.note} onChange={(event) => update(""note"", event.target.value)} />"
"UI-0063";"app/client-admin/src/App.tsx";"2299";"ClientFinancialDialog";"select";"Moneda:";"text (por defecto)";"{currency}";"";"";"";"";"";"";"";"";"";"ENUM";"Solo opciones autorizadas del catálogo; comprobar pertenencia y permisos en API.";"<select value={currency} onChange={(event) => setCurrency(event.target.value)}>"
"UI-0064";"app/client-admin/src/App.tsx";"2301";"ClientFinancialDialog";"input";"Fecha Inicial:";"""date""";"{fromDate}";"";"";"";"";"";"";"";"";"";"DATE";"Fecha real YYYY-MM-DD y orden de rango; validar en API, no solo atributo date.";"<input type=""date"" value={fromDate} onChange={(event) => setFromDate(event.target.value)} />"
"UI-0065";"app/client-admin/src/App.tsx";"2301";"ClientFinancialDialog";"input";"Fecha Final:";"""date""";"{toDate}";"";"";"";"";"";"";"";"";"";"DATE";"Fecha real YYYY-MM-DD y orden de rango; validar en API, no solo atributo date.";"<input type=""date"" value={toDate} onChange={(event) => setToDate(event.target.value)} />"
"UI-0066";"app/client-admin/src/App.tsx";"2356";"ClientMapDialog";"input";"Latitud:";"text (por defecto)";"{latitude}";"";"";"";"";"";"";"";"";"""decimal""";"COORD";"Número finito; admite signo negativo y punto; lat [-90,90], lng [-180,180].";"<input inputMode=""decimal"" value={latitude} onChange={(event) => setLatitude(event.target.value)} />"
"UI-0067";"app/client-admin/src/App.tsx";"2356";"ClientMapDialog";"input";"Longitud:";"text (por defecto)";"{longitude}";"";"";"";"";"";"";"";"";"""decimal""";"COORD";"Número finito; admite signo negativo y punto; lat [-90,90], lng [-180,180].";"<input inputMode=""decimal"" value={longitude} onChange={(event) => setLongitude(event.target.value)} />"
"UI-0068";"app/client-admin/src/App.tsx";"2384";"ClientMachineFormDialog";"input";"Nro.:";"""number""";"{draft.number}";"";"";"";"""1""";"";"";"";"";"";"CODE";"Texto identificador: letras/números y separadores acordados (- _ . /); mantener ceros iniciales; no forzar UUID ni número a códigos legacy.";"<input type=""number"" min=""1"" value={draft.number} onChange={(event) => update(""number"", event.target.value)} />"
"UI-0069";"app/client-admin/src/App.tsx";"2384";"ClientMachineFormDialog";"input";"Entrada:";"text (por defecto)";"{draft.entry}";"";"";"";"";"";"";"";"";"";"TEXT";"Texto plano Unicode con puntuación legítima; longitud por contrato, sin NUL/controles; saltos de línea solo donde corresponda; escapar al exportar/renderizar.";"<input value={draft.entry} onChange={(event) => update(""entry"", event.target.value)} />"
"UI-0070";"app/client-admin/src/App.tsx";"2384";"ClientMachineFormDialog";"input";"Salida:";"text (por defecto)";"{draft.exit}";"";"";"";"";"";"";"";"";"";"TEXT";"Texto plano Unicode con puntuación legítima; longitud por contrato, sin NUL/controles; saltos de línea solo donde corresponda; escapar al exportar/renderizar.";"<input value={draft.exit} onChange={(event) => update(""exit"", event.target.value)} />"
"UI-0071";"app/client-admin/src/App.tsx";"2384";"ClientMachineFormDialog";"input";"Valor Mon.:";"""number""";"{draft.value}";"";"";"";"""0""";"";"""0.0001""";"";"";"";"DECIMAL";"Decimal no negativo con precisión y máximo del dominio; no imponer precisión monetaria a tasas.";"<input type=""number"" min=""0"" step=""0.0001"" value={draft.value} onChange={(event) => update(""value"", event.target.value)} />"
"UI-0072";"app/client-admin/src/App.tsx";"2384";"ClientMachineFormDialog";"input";"Porciento:";"""number""";"{draft.percentage}";"";"";"";"""0""";"""100""";"""0.01""";"";"";"";"DECIMAL";"Decimal no negativo con precisión y máximo del dominio; no imponer precisión monetaria a tasas.";"<input type=""number"" min=""0"" max=""100"" step=""0.01"" value={draft.percentage} onChange={(event) => update(""percentage"", event.target.value)} />"
"UI-0073";"app/client-admin/src/App.tsx";"2392";"ClientMachineLogsDialog";"input";"Fecha Inicial:";"""date""";"{fromDate}";"";"";"";"";"";"";"";"";"";"DATE";"Fecha real YYYY-MM-DD y orden de rango; validar en API, no solo atributo date.";"<input type=""date"" value={fromDate} onChange={(event) => setFromDate(event.target.value)} />"
"UI-0074";"app/client-admin/src/App.tsx";"2392";"ClientMachineLogsDialog";"input";"Fecha Final:";"""date""";"{toDate}";"";"";"";"";"";"";"";"";"";"DATE";"Fecha real YYYY-MM-DD y orden de rango; validar en API, no solo atributo date.";"<input type=""date"" value={toDate} onChange={(event) => setToDate(event.target.value)} />"
"UI-0075";"app/client-admin/src/App.tsx";"2571";"ClientsLegacyView";"input";"Buscar código, teléfono o nota:";"text (por defecto)";"{searchFilter}";"";"";"";"";"";"";"";"";"";"PHONE";"Dígitos, + inicial, espacios, guiones y paréntesis; validar 8–15 dígitos tras normalización; vacío si opcional; máximo API 40.";"<input aria-label=""Buscar clientes por código, teléfono o nota"" value={searchFilter} onChange={(event) => { setSearchFilter(event.target.value); setFilterMode(""search""); }} />"
"UI-0076";"app/client-admin/src/App.tsx";"2572";"ClientsLegacyView";"input";"";"""radio""";"";"";"";"";"";"";"";"";"";"";"BOOL";"Solo booleano real; radios/checkboxes y validación API.";"<input type=""radio"" name=""client-filter"" checked={filterMode === ""all""} onChange={() => setFilterMode(""all"")} />"
"UI-0077";"app/client-admin/src/App.tsx";"2573";"ClientsLegacyView";"input";"";"""radio""";"";"";"";"";"";"";"";"";"";"";"BOOL";"Solo booleano real; radios/checkboxes y validación API.";"<input type=""radio"" name=""client-filter"" checked={filterMode === ""identification""} onChange={() => setFilterMode(""identification"")} />"
"UI-0078";"app/client-admin/src/App.tsx";"2573";"ClientsLegacyView";"input";"";"text (por defecto)";"{identificationFilter}";"";"{filterMode !== ""identification""}";"";"";"";"";"";"";"";"CODE";"Texto identificador: letras/números y separadores acordados (- _ . /); mantener ceros iniciales; no forzar UUID ni número a códigos legacy.";"<input value={identificationFilter} disabled={filterMode !== ""identification""} onChange={(event) => setIdentificationFilter(event.target.value)} />"
"UI-0079";"app/client-admin/src/App.tsx";"2574";"ClientsLegacyView";"input";"";"""radio""";"";"";"";"";"";"";"";"";"";"";"BOOL";"Solo booleano real; radios/checkboxes y validación API.";"<input type=""radio"" name=""client-filter"" checked={filterMode === ""name""} onChange={() => setFilterMode(""name"")} />"
"UI-0080";"app/client-admin/src/App.tsx";"2574";"ClientsLegacyView";"input";"";"text (por defecto)";"{nameFilter}";"";"{filterMode !== ""name""}";"";"";"";"";"";"";"";"NAME";"Texto Unicode legible: letras con acentos, números cuando sea nombre comercial/catálogo y puntuación legítima; límites por contrato; sin controles invisibles.";"<input value={nameFilter} disabled={filterMode !== ""name""} onChange={(event) => setNameFilter(event.target.value)} />"
"UI-0081";"app/client-admin/src/App.tsx";"2575";"ClientsLegacyView";"input";"";"""radio""";"";"";"";"";"";"";"";"";"";"";"BOOL";"Solo booleano real; radios/checkboxes y validación API.";"<input type=""radio"" name=""client-filter"" checked={filterMode === ""zone""} onChange={() => setFilterMode(""zone"")} />"
"UI-0082";"app/client-admin/src/App.tsx";"2575";"ClientsLegacyView";"select";"";"text (por defecto)";"{zoneFilter}";"";"{filterMode !== ""zone""}";"";"";"";"";"";"";"";"ENUM";"Solo opciones autorizadas del catálogo; comprobar pertenencia y permisos en API.";"<select value={zoneFilter} disabled={filterMode !== ""zone""} onChange={(event) => setZoneFilter(event.target.value)}>"
"UI-0083";"app/client-admin/src/App.tsx";"2576";"ClientsLegacyView";"input";"";"""radio""";"";"";"";"";"";"";"";"";"";"";"BOOL";"Solo booleano real; radios/checkboxes y validación API.";"<input type=""radio"" name=""client-filter"" checked={filterMode === ""route""} onChange={() => setFilterMode(""route"")} />"
"UI-0084";"app/client-admin/src/App.tsx";"2576";"ClientsLegacyView";"select";"";"text (por defecto)";"{routeFilter}";"";"{filterMode !== ""route""}";"";"";"";"";"";"";"";"ENUM";"Solo opciones autorizadas del catálogo; comprobar pertenencia y permisos en API.";"<select value={routeFilter} disabled={filterMode !== ""route""} onChange={(event) => setRouteFilter(event.target.value)}>"
"UI-0085";"app/client-admin/src/App.tsx";"2577";"ClientsLegacyView";"select";"Estado:";"text (por defecto)";"{statusFilter}";"";"";"";"";"";"";"";"";"";"ENUM";"Solo opciones autorizadas del catálogo; comprobar pertenencia y permisos en API.";"<select value={statusFilter} onChange={(event) => setStatusFilter(event.target.value)}>"
"UI-0086";"app/client-admin/src/App.tsx";"2641";"AuthorizationRequestDialog";"input";"Fecha:";"""date""";"{draft.date}";"";"";"";"";"";"";"";"";"";"DATE";"Fecha real YYYY-MM-DD y orden de rango; validar en API, no solo atributo date.";"<input type=""date"" value={draft.date} onChange={(event) => update(""date"", event.target.value)} />"
"UI-0087";"app/client-admin/src/App.tsx";"2641";"AuthorizationRequestDialog";"select";"Estado:";"text (por defecto)";"{draft.status}";"";"";"";"";"";"";"";"";"";"ENUM";"Solo opciones autorizadas del catálogo; comprobar pertenencia y permisos en API.";"<select value={draft.status} onChange={(event) => update(""status"", event.target.value)}>"
"UI-0088";"app/client-admin/src/App.tsx";"2642";"AuthorizationRequestDialog";"input";"Cobrador:";"text (por defecto)";"{draft.collector}";"";"";"";"";"";"";"";"";"";"NAME";"Texto Unicode legible: letras con acentos, números cuando sea nombre comercial/catálogo y puntuación legítima; límites por contrato; sin controles invisibles.";"<input value={draft.collector} onChange={(event) => update(""collector"", event.target.value)} />"
"UI-0089";"app/client-admin/src/App.tsx";"2643";"AuthorizationRequestDialog";"input";"Código:";"text (por defecto)";"{draft.code}";"";"";"";"";"";"";"";"";"";"CODE";"Texto identificador: letras/números y separadores acordados (- _ . /); mantener ceros iniciales; no forzar UUID ni número a códigos legacy.";"<input value={draft.code} onChange={(event) => update(""code"", event.target.value)} />"
"UI-0090";"app/client-admin/src/App.tsx";"2643";"AuthorizationRequestDialog";"input";"Cliente:";"text (por defecto)";"{draft.client}";"";"";"";"";"";"";"";"";"";"NAME";"Texto Unicode legible: letras con acentos, números cuando sea nombre comercial/catálogo y puntuación legítima; límites por contrato; sin controles invisibles.";"<input autoFocus value={draft.client} onChange={(event) => update(""client"", event.target.value)} />"
"UI-0091";"app/client-admin/src/App.tsx";"2644";"AuthorizationRequestDialog";"input";"Telefono:";"text (por defecto)";"{draft.phone}";"";"";"";"";"";"";"";"";"";"PHONE";"Dígitos, + inicial, espacios, guiones y paréntesis; validar 8–15 dígitos tras normalización; vacío si opcional; máximo API 40.";"<input value={draft.phone} onChange={(event) => update(""phone"", event.target.value)} />"
"UI-0092";"app/client-admin/src/App.tsx";"2644";"AuthorizationRequestDialog";"input";"Celular:";"text (por defecto)";"{draft.cellular}";"";"";"";"";"";"";"";"";"";"PHONE";"Dígitos, + inicial, espacios, guiones y paréntesis; validar 8–15 dígitos tras normalización; vacío si opcional; máximo API 40.";"<input value={draft.cellular} onChange={(event) => update(""cellular"", event.target.value)} />"
"UI-0093";"app/client-admin/src/App.tsx";"2729";"AuthorizationRequestsLegacyView";"input";"Fecha Inicial:";"""date""";"{fromDate}";"";"";"";"";"";"";"";"";"";"DATE";"Fecha real YYYY-MM-DD y orden de rango; validar en API, no solo atributo date.";"<input type=""date"" value={fromDate} onChange={(event) => setFromDate(event.target.value)} />"
"UI-0094";"app/client-admin/src/App.tsx";"2730";"AuthorizationRequestsLegacyView";"input";"Fecha Final:";"""date""";"{toDate}";"";"";"";"";"";"";"";"";"";"DATE";"Fecha real YYYY-MM-DD y orden de rango; validar en API, no solo atributo date.";"<input type=""date"" value={toDate} onChange={(event) => setToDate(event.target.value)} />"
"UI-0095";"app/client-admin/src/App.tsx";"2731";"AuthorizationRequestsLegacyView";"select";"Estado:";"text (por defecto)";"{statusFilter}";"";"";"";"";"";"";"";"";"";"ENUM";"Solo opciones autorizadas del catálogo; comprobar pertenencia y permisos en API.";"<select value={statusFilter} onChange={(event) => setStatusFilter(event.target.value)}>"
"UI-0096";"app/client-admin/src/App.tsx";"2732";"AuthorizationRequestsLegacyView";"input";"Cliente:";"text (por defecto)";"{clientFilter}";"";"";"";"";"";"";"";"";"";"NAME";"Texto Unicode legible: letras con acentos, números cuando sea nombre comercial/catálogo y puntuación legítima; límites por contrato; sin controles invisibles.";"<input value={clientFilter} placeholder=""Cliente..."" onChange={(event) => setClientFilter(event.target.value)} />"
"UI-0097";"app/client-admin/src/App.tsx";"2798";"ZoneDataDialog";"input";"";"text (por defecto)";"{draft.number}";"";"";"";"";"";"";"";"";"";"CODE";"Texto identificador: letras/números y separadores acordados (- _ . /); mantener ceros iniciales; no forzar UUID ni número a códigos legacy.";"<input autoFocus value={draft.number} onChange={(event) => update(""number"", event.target.value)} />"
"UI-0098";"app/client-admin/src/App.tsx";"2798";"ZoneDataDialog";"input";"";"text (por defecto)";"{draft.name}";"";"";"";"";"";"";"";"";"";"NAME";"Texto Unicode legible: letras con acentos, números cuando sea nombre comercial/catálogo y puntuación legítima; límites por contrato; sin controles invisibles.";"<input value={draft.name} onChange={(event) => update(""name"", event.target.value)} />"
"UI-0099";"app/client-admin/src/App.tsx";"2799";"ZoneDataDialog";"input";"";"""text""";"{draft.from}";"";"";"";"";"";"";"";"";"";"TEXT";"Texto plano Unicode con puntuación legítima; longitud por contrato, sin NUL/controles; saltos de línea solo donde corresponda; escapar al exportar/renderizar.";"<input type=""text"" value={draft.from} onChange={(event) => update(""from"", event.target.value)} />"
"UI-0100";"app/client-admin/src/App.tsx";"2800";"ZoneDataDialog";"input";"";"""text""";"{draft.to}";"";"";"";"";"";"";"";"";"";"TEXT";"Texto plano Unicode con puntuación legítima; longitud por contrato, sin NUL/controles; saltos de línea solo donde corresponda; escapar al exportar/renderizar.";"<input type=""text"" value={draft.to} onChange={(event) => update(""to"", event.target.value)} />"
"UI-0101";"app/client-admin/src/App.tsx";"2948";"UserDataDialog";"input";"";"text (por defecto)";"{draft.name}";"";"";"";"";"";"";"";"";"";"NAME";"Texto Unicode legible: letras con acentos, números cuando sea nombre comercial/catálogo y puntuación legítima; límites por contrato; sin controles invisibles.";"<input autoFocus value={draft.name} onChange={(event) => update(""name"", event.target.value)} />"
"UI-0102";"app/client-admin/src/App.tsx";"2950";"UserDataDialog";"input";"";"text (por defecto)";"{draft.username}";"";"";"";"";"";"";"";"";"";"CODE";"Texto identificador: letras/números y separadores acordados (- _ . /); mantener ceros iniciales; no forzar UUID ni número a códigos legacy.";"<input value={draft.username} onChange={(event) => update(""username"", event.target.value)} />"
"UI-0103";"app/client-admin/src/App.tsx";"2951";"UserDataDialog";"select";"";"text (por defecto)";"{draft.role}";"";"";"";"";"";"";"";"";"";"ENUM";"Solo opciones autorizadas del catálogo; comprobar pertenencia y permisos en API.";"<select value={draft.role} onChange={(event) => update(""role"", event.target.value as LegacyUserRecord[""role""])}>"
"UI-0104";"app/client-admin/src/App.tsx";"2953";"UserDataDialog";"input";"";"text (por defecto)";"{draft.alias}";"";"";"";"";"";"";"";"";"";"NAME";"Texto Unicode legible: letras con acentos, números cuando sea nombre comercial/catálogo y puntuación legítima; límites por contrato; sin controles invisibles.";"<input className=""short-input"" value={draft.alias} onChange={(event) => update(""alias"", event.target.value)} />"
"UI-0105";"app/client-admin/src/App.tsx";"2980";"ChangePasswordDialog";"input";"";"""password""";"{password}";"";"";"";"";"";"";"";"";"";"SECRET";"Permitir letras, números, espacios y símbolos; no trim, ni transformar, ni lista negra SQL; límites conforme a credencial.";"<input autoFocus type=""password"" value={password} onChange={(event) => setPassword(event.target.value)} />"
"UI-0106";"app/client-admin/src/App.tsx";"2981";"ChangePasswordDialog";"input";"";"""password""";"{confirmation}";"";"";"";"";"";"";"";"";"";"SECRET";"Permitir letras, números, espacios y símbolos; no trim, ni transformar, ni lista negra SQL; límites conforme a credencial.";"<input type=""password"" value={confirmation} onChange={(event) => setConfirmation(event.target.value)} />"
"UI-0107";"app/client-admin/src/App.tsx";"3019";"PermissionCategoryDialog";"select";"";"text (por defecto)";"{category}";"";"";"";"";"";"";"";"";"";"ENUM";"Solo opciones autorizadas del catálogo; comprobar pertenencia y permisos en API.";"<select autoFocus value={category} onChange={(event) => setCategory(event.target.value)}>"
"UI-0108";"app/client-admin/src/App.tsx";"3230";"TracesLegacyView";"input";"Fecha Inicial:";"""date""";"{fromDate}";"";"";"";"";"";"";"";"";"";"DATE";"Fecha real YYYY-MM-DD y orden de rango; validar en API, no solo atributo date.";"<input type=""date"" value={fromDate} onChange={(event) => setFromDate(event.target.value)} />"
"UI-0109";"app/client-admin/src/App.tsx";"3230";"TracesLegacyView";"input";"Fecha Inicial:";"""time""";"{fromTime}";"";"";"";"";"";"";"";"";"";"TIME";"Hora válida según precisión del contrato; timezone explícita cuando aplique.";"<input type=""time"" value={fromTime} onChange={(event) => setFromTime(event.target.value)} />"
"UI-0110";"app/client-admin/src/App.tsx";"3231";"TracesLegacyView";"input";"Fecha final:";"""date""";"{toDate}";"";"";"";"";"";"";"";"";"";"DATE";"Fecha real YYYY-MM-DD y orden de rango; validar en API, no solo atributo date.";"<input type=""date"" value={toDate} onChange={(event) => setToDate(event.target.value)} />"
"UI-0111";"app/client-admin/src/App.tsx";"3231";"TracesLegacyView";"input";"Fecha final:";"""time""";"{toTime}";"";"";"";"";"";"";"";"";"";"TIME";"Hora válida según precisión del contrato; timezone explícita cuando aplique.";"<input type=""time"" value={toTime} onChange={(event) => setToTime(event.target.value)} />"
"UI-0112";"app/client-admin/src/App.tsx";"3232";"TracesLegacyView";"input";"Buscar:";"""text""";"{searchTerm}";"";"";"";"";"";"";"";"";"";"SEARCH";"Texto de búsqueda acotado; mantener símbolos legítimos; filtrar/parametrizar como valor, no como SQL.";"<input type=""text"" value={searchTerm} placeholder=""Digite texto..."" onChange={(event) => setSearchTerm(event.target.value)} />"
"UI-0113";"app/client-admin/src/App.tsx";"3301";"ExchangeRateDataDialog";"select";"";"text (por defecto)";"{draft.currency}";"";"";"";"";"";"";"";"";"";"ENUM";"Solo opciones autorizadas del catálogo; comprobar pertenencia y permisos en API.";"<select value={draft.currency} onChange={(event) => update(""currency"", event.target.value)}>"
"UI-0114";"app/client-admin/src/App.tsx";"3302";"ExchangeRateDataDialog";"input";"";"""date""";"{draft.date}";"";"";"";"";"";"";"";"";"";"DATE";"Fecha real YYYY-MM-DD y orden de rango; validar en API, no solo atributo date.";"<input type=""date"" value={draft.date} onChange={(event) => update(""date"", event.target.value)} />"
"UI-0115";"app/client-admin/src/App.tsx";"3302";"ExchangeRateDataDialog";"input";"";"""time""";"{draft.time}";"";"";"";"";"";"""1""";"";"";"";"TIME";"Hora válida según precisión del contrato; timezone explícita cuando aplique.";"<input type=""time"" step=""1"" value={draft.time} onChange={(event) => update(""time"", event.target.value)} />"
"UI-0116";"app/client-admin/src/App.tsx";"3303";"ExchangeRateDataDialog";"input";"";"""text""";"{draft.buy}";"";"";"";"";"";"";"";"";"";"DECIMAL";"Decimal no negativo con precisión y máximo del dominio; no imponer precisión monetaria a tasas.";"<input type=""text"" value={draft.buy} onChange={(event) => update(""buy"", event.target.value)} />"
"UI-0117";"app/client-admin/src/App.tsx";"3303";"ExchangeRateDataDialog";"input";"";"""text""";"{draft.sell}";"";"";"";"";"";"";"";"";"";"DECIMAL";"Decimal no negativo con precisión y máximo del dominio; no imponer precisión monetaria a tasas.";"<input type=""text"" value={draft.sell} onChange={(event) => update(""sell"", event.target.value)} />"
"UI-0118";"app/client-admin/src/App.tsx";"3419";"ServiceProductDataDialog";"input";"";"text (por defecto)";"{draft.service}";"";"";"";"";"";"";"";"";"";"TEXT";"Texto plano Unicode con puntuación legítima; longitud por contrato, sin NUL/controles; saltos de línea solo donde corresponda; escapar al exportar/renderizar.";"<input autoFocus value={draft.service} onChange={(event) => update(""service"", event.target.value)} />"
"UI-0119";"app/client-admin/src/App.tsx";"3421";"ServiceProductDataDialog";"input";"";"text (por defecto)";"{draft.caption}";"";"";"";"";"";"";"";"";"";"NAME";"Texto Unicode legible: letras con acentos, números cuando sea nombre comercial/catálogo y puntuación legítima; límites por contrato; sin controles invisibles.";"<input value={draft.caption} onChange={(event) => update(""caption"", event.target.value)} />"
"UI-0120";"app/client-admin/src/App.tsx";"3422";"ServiceProductDataDialog";"input";"";"text (por defecto)";"{draft.abbr}";"";"";"";"";"";"";"";"";"";"NAME";"Texto Unicode legible: letras con acentos, números cuando sea nombre comercial/catálogo y puntuación legítima; límites por contrato; sin controles invisibles.";"<input value={draft.abbr} onChange={(event) => update(""abbr"", event.target.value)} />"
"UI-0121";"app/client-admin/src/App.tsx";"3424";"ServiceProductDataDialog";"input";"";"""checkbox""";"";"";"";"";"";"";"";"";"";"";"BOOL";"Solo booleano real; radios/checkboxes y validación API.";"<input type=""checkbox"" checked={draft.obligated} onChange={(event) => update(""obligated"", event.target.checked)} />"
"UI-0122";"app/client-admin/src/App.tsx";"3546";"PcpDataDialog";"input";"";"text (por defecto)";"{draft.number}";"";"";"";"";"";"";"";"";"";"CODE";"Texto identificador: letras/números y separadores acordados (- _ . /); mantener ceros iniciales; no forzar UUID ni número a códigos legacy.";"<input className=""pcp-code-input"" autoFocus value={draft.number} onChange={(event) => update(""number"", event.target.value)} />"
"UI-0123";"app/client-admin/src/App.tsx";"3547";"PcpDataDialog";"input";"";"text (por defecto)";"{draft.pcp}";"";"";"";"";"";"";"";"";"";"NAME";"Texto Unicode legible: letras con acentos, números cuando sea nombre comercial/catálogo y puntuación legítima; límites por contrato; sin controles invisibles.";"<input className=""pcp-name-input"" value={draft.pcp} onChange={(event) => { update(""pcp"", event.target.value); update(""clientName"", event.target.value); }} />"
"UI-0124";"app/client-admin/src/App.tsx";"3551";"PcpDataDialog";"select";"";"text (por defecto)";"{draft.group}";"";"";"";"";"";"";"";"";"";"ENUM";"Solo opciones autorizadas del catálogo; comprobar pertenencia y permisos en API.";"<select value={draft.group} onChange={(event) => update(""group"", event.target.value)}>"
"UI-0125";"app/client-admin/src/App.tsx";"3555";"PcpDataDialog";"input";"";"""text""";"{draft.address}";"";"";"";"";"";"";"";"";"";"TEXT";"Texto plano Unicode con puntuación legítima; longitud por contrato, sin NUL/controles; saltos de línea solo donde corresponda; escapar al exportar/renderizar.";"<input type=""text"" value={draft.address} onChange={(event) => update(""address"", event.target.value)} />"
"UI-0126";"app/client-admin/src/App.tsx";"3559";"PcpDataDialog";"input";"";"""text""";"{draft.phone}";"";"";"";"";"";"";"";"";"";"PHONE";"Dígitos, + inicial, espacios, guiones y paréntesis; validar 8–15 dígitos tras normalización; vacío si opcional; máximo API 40.";"<input type=""text"" value={draft.phone} onChange={(event) => update(""phone"", event.target.value)} />"
"UI-0127";"app/client-admin/src/App.tsx";"3575";"PcpStationSelectDialog";"select";"Seleccione:";"text (por defecto)";"{selectedStationId}";"";"";"";"";"";"";"";"";"";"ENUM";"Solo opciones autorizadas del catálogo; comprobar pertenencia y permisos en API.";"<select autoFocus value={selectedStationId} onChange={(event) => setSelectedStationId(event.target.value)}>"
"UI-0128";"app/client-admin/src/App.tsx";"3691";"PcpsLegacyView";"input";"";"""radio""";"";"";"";"";"";"";"";"";"";"";"BOOL";"Solo booleano real; radios/checkboxes y validación API.";"<input type=""radio"" name=""pcp-filter"" checked={filterMode === ""all""} onChange={() => setFilterMode(""all"")} />"
"UI-0129";"app/client-admin/src/App.tsx";"3692";"PcpsLegacyView";"input";"";"""radio""";"";"";"";"";"";"";"";"";"";"";"BOOL";"Solo booleano real; radios/checkboxes y validación API.";"<input type=""radio"" name=""pcp-filter"" checked={filterMode === ""group""} onChange={() => setFilterMode(""group"")} />"
"UI-0130";"app/client-admin/src/App.tsx";"3693";"PcpsLegacyView";"select";"";"text (por defecto)";"{group}";"";"";"";"";"";"";"";"";"";"ENUM";"Solo opciones autorizadas del catálogo; comprobar pertenencia y permisos en API.";"<select value={group} onChange={(event) => { setGroup(event.target.value); setFilterMode(""group""); }}>"
"UI-0131";"app/client-admin/src/App.tsx";"3736";"PcpGroupDialog";"input";"Nombre:";"text (por defecto)";"{name}";"";"";"";"";"";"";"";"";"";"NAME";"Texto Unicode legible: letras con acentos, números cuando sea nombre comercial/catálogo y puntuación legítima; límites por contrato; sin controles invisibles.";"<input autoFocus value={name} onChange={(event) => setName(event.target.value)} />"
"UI-0132";"app/client-admin/src/App.tsx";"4025";"CheckLine";"input";"";"""checkbox""";"";"";"{disabled || cfgLocked}";"";"";"";"";"";"";"";"BOOL";"Solo booleano real; radios/checkboxes y validación API.";"<input type=""checkbox"" checked={checked} disabled={disabled || cfgLocked} onChange={(event) => onChange(event.target.checked)} />"
"UI-0133";"app/client-admin/src/App.tsx";"4045";"LegacyCodifierView";"input";"Empresa:";"text (por defecto)";"fld(""general.empresa"")";"";"";"";"";"";"";"";"";"";"TEXT";"Texto plano Unicode con puntuación legítima; longitud por contrato, sin NUL/controles; saltos de línea solo donde corresponda; escapar al exportar/renderizar.";"<input {...fld(""general.empresa"")} />"
"UI-0134";"app/client-admin/src/App.tsx";"4046";"LegacyCodifierView";"input";"Dirección:";"text (por defecto)";"fld(""general.direccion"")";"";"";"";"";"";"";"";"";"";"TEXT";"Texto plano Unicode con puntuación legítima; longitud por contrato, sin NUL/controles; saltos de línea solo donde corresponda; escapar al exportar/renderizar.";"<input {...fld(""general.direccion"")} />"
"UI-0135";"app/client-admin/src/App.tsx";"4048";"LegacyCodifierView";"input";"Teléfono:";"text (por defecto)";"fld(""general.telefono"")";"";"";"";"";"";"";"";"";"";"PHONE";"Dígitos, + inicial, espacios, guiones y paréntesis; validar 8–15 dígitos tras normalización; vacío si opcional; máximo API 40.";"<input {...fld(""general.telefono"")} />"
"UI-0136";"app/client-admin/src/App.tsx";"4049";"LegacyCodifierView";"input";"Correo Electrónico:";"text (por defecto)";"fld(""general.correo"")";"";"";"";"";"";"";"";"";"";"EMAIL";"Validar correo completo; admite @ . + _ y símbolos válidos; opcional vacío si contrato lo permite; máximo API 200.";"<input {...fld(""general.correo"")} />"
"UI-0137";"app/client-admin/src/App.tsx";"4051";"LegacyCodifierView";"input";"Fax:";"text (por defecto)";"fld(""general.fax"")";"";"";"";"";"";"";"";"";"";"PHONE";"Dígitos, + inicial, espacios, guiones y paréntesis; validar 8–15 dígitos tras normalización; vacío si opcional; máximo API 40.";"<input {...fld(""general.fax"")} />"
"UI-0138";"app/client-admin/src/App.tsx";"4052";"LegacyCodifierView";"input";"Licencia:";"text (por defecto)";"fld(""general.licencia"")";"";"";"";"";"";"";"";"";"";"CODE";"Texto identificador: letras/números y separadores acordados (- _ . /); mantener ceros iniciales; no forzar UUID ni número a códigos legacy.";"<input {...fld(""general.licencia"")} />"
"UI-0139";"app/client-admin/src/App.tsx";"4054";"LegacyCodifierView";"select";"Moneda por defecto:";"text (por defecto)";"fld(""general.moneda"")";"";"";"";"";"";"";"";"";"";"ENUM";"Solo opciones autorizadas del catálogo; comprobar pertenencia y permisos en API.";"<select {...fld(""general.moneda"")}>"
"UI-0140";"app/client-admin/src/App.tsx";"4082";"LegacyCodifierView";"select";"Servicio para TM:";"text (por defecto)";"fld(""cargos.servicioTm"")";"";"";"";"";"";"";"";"";"";"ENUM";"Solo opciones autorizadas del catálogo; comprobar pertenencia y permisos en API.";"<select {...fld(""cargos.servicioTm"")}>"
"UI-0141";"app/client-admin/src/App.tsx";"4083";"LegacyCodifierView";"select";"Concepto para TM:";"text (por defecto)";"fld(""cargos.conceptoTm"")";"";"";"";"";"";"";"";"";"";"ENUM";"Solo opciones autorizadas del catálogo; comprobar pertenencia y permisos en API.";"<select {...fld(""cargos.conceptoTm"")}>"
"UI-0142";"app/client-admin/src/App.tsx";"4100";"LegacyCodifierView";"input";"Porciento Mín. para chequeo de CDC:";"""number""";"fld(""cobros.porcientoCdc"")";"";"";"";"";"";"";"";"";"";"DECIMAL";"Decimal no negativo con precisión y máximo del dominio; no imponer precisión monetaria a tasas.";"<input type=""number"" {...fld(""cobros.porcientoCdc"")} />"
"UI-0143";"app/client-admin/src/App.tsx";"4114";"LegacyCodifierView";"input";"URL:";"text (por defecto)";"fld(""impresion.listadoUrl"")";"";"";"";"";"";"";"";"";"";"URL";"Validar URL/host según integración; permitir solo protocolos acordados; no javascript/data; no convertir esto en prohibición de símbolos.";"<input {...fld(""impresion.listadoUrl"")} />"
"UI-0144";"app/client-admin/src/App.tsx";"4115";"LegacyCodifierView";"input";"Puerto:";"text (por defecto)";"fld(""impresion.listadoPuerto"")";"";"";"";"";"";"";"";"";"";"PORT";"Solo entero 1–65535; no letras ni decimales.";"<input {...fld(""impresion.listadoPuerto"")} />"
"UI-0145";"app/client-admin/src/App.tsx";"4117";"LegacyCodifierView";"input";"Nombre:";"text (por defecto)";"fld(""impresion.listadoNombre"")";"";"";"";"";"";"";"";"";"";"NAME";"Texto Unicode legible: letras con acentos, números cuando sea nombre comercial/catálogo y puntuación legítima; límites por contrato; sin controles invisibles.";"<input {...fld(""impresion.listadoNombre"")} />"
"UI-0146";"app/client-admin/src/App.tsx";"4127";"LegacyCodifierView";"input";"URL:";"text (por defecto)";"fld(""impresion.url"")";"";"";"";"";"";"";"";"";"";"URL";"Validar URL/host según integración; permitir solo protocolos acordados; no javascript/data; no convertir esto en prohibición de símbolos.";"<input {...fld(""impresion.url"")} />"
"UI-0147";"app/client-admin/src/App.tsx";"4128";"LegacyCodifierView";"input";"Puerto:";"text (por defecto)";"fld(""impresion.puerto"")";"";"";"";"";"";"";"";"";"";"PORT";"Solo entero 1–65535; no letras ni decimales.";"<input {...fld(""impresion.puerto"")} />"
"UI-0148";"app/client-admin/src/App.tsx";"4130";"LegacyCodifierView";"input";"Nombre:";"text (por defecto)";"fld(""impresion.nombre"")";"";"";"";"";"";"";"";"";"";"NAME";"Texto Unicode legible: letras con acentos, números cuando sea nombre comercial/catálogo y puntuación legítima; límites por contrato; sin controles invisibles.";"<input {...fld(""impresion.nombre"")} />"
"UI-0149";"app/client-admin/src/App.tsx";"4146";"LegacyCodifierView";"input";"Latitud:";"""number""";"fld(""gps.latitud"")";"";"";"";"";"";"""0.0000000000001""";"";"";"";"COORD";"Número finito; admite signo negativo y punto; lat [-90,90], lng [-180,180].";"<input type=""number"" step=""0.0000000000001"" {...fld(""gps.latitud"")} />"
"UI-0150";"app/client-admin/src/App.tsx";"4147";"LegacyCodifierView";"input";"Longitud:";"""number""";"fld(""gps.longitud"")";"";"";"";"";"";"""0.0000000000001""";"";"";"";"COORD";"Número finito; admite signo negativo y punto; lat [-90,90], lng [-180,180].";"<input type=""number"" step=""0.0000000000001"" {...fld(""gps.longitud"")} />"
"UI-0151";"app/client-admin/src/App.tsx";"4267";"Login";"input";"Usuario / Correo";"""text""";"{email}";"";"";"true";"";"";"";"";"";"";"EMAIL";"Validar correo completo; admite @ . + _ y símbolos válidos; opcional vacío si contrato lo permite; máximo API 200.";"<input type=""text"" autoComplete=""username"" required placeholder=""admin@cyp.local"" value={email} onChange={(event) => setEmail(event.target.value)} />"
"UI-0152";"app/client-admin/src/App.tsx";"4278";"Login";"input";"Contraseña";"""password""";"{password}";"";"";"true";"";"";"";"";"";"";"SECRET";"Permitir letras, números, espacios y símbolos; no trim, ni transformar, ni lista negra SQL; límites conforme a credencial.";"<input type=""password"" autoComplete=""current-password"" required minLength={8} placeholder=""Tu contraseña"" value={password} onChange={(event) => setPassword(event.target.value)} />"
"UI-0153";"app/client-admin/src/App.tsx";"5035";"App";"input";"{commandQuery && ( <button className=""icon-button small"" aria-label=""Limpiar búsqueda"" onClick={() => setCommandQuery("""")} title=""Limpiar búsqueda""> <X size={16} /> </button> )}";"text (por defecto)";"{commandQuery}";"";"";"";"";"";"";"";"";"";"PHONE";"Dígitos, + inicial, espacios, guiones y paréntesis; validar 8–15 dígitos tras normalización; vacío si opcional; máximo API 40.";"<input autoFocus placeholder=""Nombre, código, teléfono, nota o ruta."" value={commandQuery} onChange={(event) => setCommandQuery(event.target.value)} />"
"UI-0154";"app/client-admin/src/App.tsx";"5540";"MasterDataView";"input";"{`Buscar en ${config.title}`}";"text (por defecto)";"{search}";"";"";"";"";"";"";"";"";"";"DYNAMIC";"Control genérico/condicional: aplicar política del descriptor o rama activa; no usar una regla única para todos los campos.";"<input aria-label={`Buscar en ${config.title}`} placeholder=""Buscar por nombre, código o estado..."" value={search} onChange={(event) => setSearch(event.target.value)} />"
"UI-0155";"app/client-admin/src/App.tsx";"5859";"CargoDialog";"input";"";"text (por defecto)";"{draft.clientCode}";"";"";"";"";"";"";"";"";"";"CODE";"Texto identificador: letras/números y separadores acordados (- _ . /); mantener ceros iniciales; no forzar UUID ni número a códigos legacy.";"<input id=""cargo-client-code"" autoFocus value={draft.clientCode} onChange={(event) => updateClientCode(event.target.value)} />"
"UI-0156";"app/client-admin/src/App.tsx";"5860";"CargoDialog";"input";"""Nombre del cliente""";"text (por defecto)";"{selectedClient?.name ?? """"}";"true";"true";"";"";"";"";"";"";"";"READONLY";"Valor calculado/servidor: no aceptar edición; recalcular/verificar en API.";"<input aria-label=""Nombre del cliente"" value={selectedClient?.name ?? """"} disabled readOnly />"
"UI-0157";"app/client-admin/src/App.tsx";"5865";"CargoDialog";"select";"";"text (por defecto)";"{draft.currency}";"";"";"";"";"";"";"";"";"";"ENUM";"Solo opciones autorizadas del catálogo; comprobar pertenencia y permisos en API.";"<select id=""cargo-currency"" value={draft.currency} onChange={(event) => update(""currency"", event.target.value)}>"
"UI-0158";"app/client-admin/src/App.tsx";"5871";"CargoDialog";"select";"";"text (por defecto)";"{draft.service}";"";"";"";"";"";"";"";"";"";"ENUM";"Solo opciones autorizadas del catálogo; comprobar pertenencia y permisos en API.";"<select id=""cargo-service"" value={draft.service} onChange={(event) => { if (!charge && event.target.value === ""Remesas del Exterior"") { if (onOpenRemittances) { onClose(); onOpenRemittances(); } else setErrorMessage(""Abre Remesas para registrar el envío completo.""); return; } update(""service"", event.target.value); }}>"
"UI-0159";"app/client-admin/src/App.tsx";"5884";"CargoDialog";"input";"";"text (por defecto)";"{draft.concept}";"";"";"";"";"";"";"";"";"";"TEXT";"Texto plano Unicode con puntuación legítima; longitud por contrato, sin NUL/controles; saltos de línea solo donde corresponda; escapar al exportar/renderizar.";"<input id=""cargo-concept"" value={draft.concept} onChange={(event) => update(""concept"", event.target.value)} />"
"UI-0160";"app/client-admin/src/App.tsx";"5888";"CargoDialog";"input";"Monto";"""number""";"{draft.amount}";"";"";"";"""0""";"";"""0.01""";"";"";"";"MONEY";"Decimal positivo de hasta 2 posiciones; sin letras, exponente ni separadores de miles; convertir a centavos exactos; techo por operación.";"<input id=""cargo-amount"" type=""number"" min=""0"" step=""0.01"" value={draft.amount} onChange={(event) => update(""amount"", event.target.value)} />"
"UI-0161";"app/client-admin/src/App.tsx";"5889";"CargoDialog";"input";"Tasa/Cantidad";"""number""";"{draft.quantity}";"";"";"";"""0.01""";"";"""0.01""";"";"";"";"INT";"Solo entero dentro de rango; sin decimales, letras, exponentes ni signos no autorizados.";"<input type=""number"" min=""0.01"" step=""0.01"" value={draft.quantity} onChange={(event) => update(""quantity"", event.target.value)} />"
"UI-0162";"app/client-admin/src/App.tsx";"5890";"CargoDialog";"input";"Total";"""number""";"{centsInput(totalCents)}";"true";"true";"";"";"";"";"";"";"";"READONLY";"Valor calculado/servidor: no aceptar edición; recalcular/verificar en API.";"<input type=""number"" value={centsInput(totalCents)} disabled readOnly />"
"UI-0163";"app/client-admin/src/App.tsx";"5894";"CargoDialog";"input";"";"text (por defecto)";"{draft.note}";"";"";"";"";"";"";"";"";"";"TEXT";"Texto plano Unicode con puntuación legítima; longitud por contrato, sin NUL/controles; saltos de línea solo donde corresponda; escapar al exportar/renderizar.";"<input id=""cargo-note"" value={draft.note} onChange={(event) => update(""note"", event.target.value)} />"
"UI-0164";"app/client-admin/src/App.tsx";"5938";"CargoUploadDialog";"input";"";"""file""";"";"";"{request.locked || uploading}";"";"";"";"";"";"";"";"FILE";"CSV permitido, tamaño, cabecera y tipos/filas validados; accept no es protección.";"<input ref={fileInput} className=""sr-only"" type=""file"" accept="".csv,text/csv,text/plain"" disabled={request.locked || uploading} onChange={(event) => setFile(event.target.files?.[0] ?? null)} />"
"UI-0165";"app/client-admin/src/App.tsx";"5960";"ChargeCancelReasonDialog";"input";"Valor:";"text (por defecto)";"{reason}";"";"";"";"";"";"";"{500}";"";"";"TEXT";"Texto plano Unicode con puntuación legítima; longitud por contrato, sin NUL/controles; saltos de línea solo donde corresponda; escapar al exportar/renderizar.";"<input autoFocus value={reason} onChange={(event) => setReason(event.target.value)} placeholder=""Digitado por error"" maxLength={500} />"
"UI-0166";"app/client-admin/src/App.tsx";"6140";"ChargesOperationalView";"input";"";"""radio""";"";"";"";"";"";"";"";"";"";"";"BOOL";"Solo booleano real; radios/checkboxes y validación API.";"<input type=""radio"" name=""charge-filter-mode"" checked={mode === ""Todos""} onChange={() => setMode(""Todos"")} />"
"UI-0167";"app/client-admin/src/App.tsx";"6142";"ChargesOperationalView";"input";"";"""radio""";"";"";"";"";"";"";"";"";"";"";"BOOL";"Solo booleano real; radios/checkboxes y validación API.";"<input type=""radio"" name=""charge-filter-mode"" checked={mode === ""por Cliente""} onChange={() => setMode(""por Cliente"")} />"
"UI-0168";"app/client-admin/src/App.tsx";"6143";"ChargesOperationalView";"input";"""Buscar por cliente""";"text (por defecto)";"{clientQuery}";"";"{mode !== ""por Cliente""}";"";"";"";"";"";"";"";"SEARCH";"Texto de búsqueda acotado; mantener símbolos legítimos; filtrar/parametrizar como valor, no como SQL.";"<input aria-label=""Buscar por cliente"" value={clientQuery} disabled={mode !== ""por Cliente""} onChange={(event) => setClientQuery(event.target.value)} placeholder=""Código o identificación"" />"
"UI-0169";"app/client-admin/src/App.tsx";"6146";"ChargesOperationalView";"input";"";"""radio""";"";"";"";"";"";"";"";"";"";"";"BOOL";"Solo booleano real; radios/checkboxes y validación API.";"<input type=""radio"" name=""charge-filter-mode"" checked={mode === ""Por Zona""} onChange={() => setMode(""Por Zona"")} />"
"UI-0170";"app/client-admin/src/App.tsx";"6147";"ChargesOperationalView";"select";"""Zona""";"text (por defecto)";"{zone}";"";"{mode !== ""Por Zona""}";"";"";"";"";"";"";"";"ENUM";"Solo opciones autorizadas del catálogo; comprobar pertenencia y permisos en API.";"<select className=""charges-filter-control"" aria-label=""Zona"" value={zone} disabled={mode !== ""Por Zona""} onChange={(event) => setZone(event.target.value)}>"
"UI-0171";"app/client-admin/src/App.tsx";"6150";"ChargesOperationalView";"input";"";"""radio""";"";"";"";"";"";"";"";"";"";"";"BOOL";"Solo booleano real; radios/checkboxes y validación API.";"<input type=""radio"" name=""charge-filter-mode"" checked={mode === ""Por Ruta""} onChange={() => setMode(""Por Ruta"")} />"
"UI-0172";"app/client-admin/src/App.tsx";"6151";"ChargesOperationalView";"select";"""Ruta""";"text (por defecto)";"{routeId}";"";"{mode !== ""Por Ruta""}";"";"";"";"";"";"";"";"ENUM";"Solo opciones autorizadas del catálogo; comprobar pertenencia y permisos en API.";"<select className=""charges-filter-control"" aria-label=""Ruta"" value={routeId} disabled={mode !== ""Por Ruta""} onChange={(event) => setRouteId(event.target.value)}>"
"UI-0173";"app/client-admin/src/App.tsx";"6154";"ChargesOperationalView";"input";"Fecha Inicial:";"""date""";"{fromDate}";"";"";"";"";"";"";"";"";"";"DATE";"Fecha real YYYY-MM-DD y orden de rango; validar en API, no solo atributo date.";"<input type=""date"" value={fromDate} onChange={(event) => setFromDate(event.target.value)} />"
"UI-0174";"app/client-admin/src/App.tsx";"6155";"ChargesOperationalView";"input";"Fecha final:";"""date""";"{toDate}";"";"";"";"";"";"";"";"";"";"DATE";"Fecha real YYYY-MM-DD y orden de rango; validar en API, no solo atributo date.";"<input type=""date"" value={toDate} onChange={(event) => setToDate(event.target.value)} />"
"UI-0175";"app/client-admin/src/App.tsx";"6156";"ChargesOperationalView";"select";"Estado:";"text (por defecto)";"{status}";"";"";"";"";"";"";"";"";"";"ENUM";"Solo opciones autorizadas del catálogo; comprobar pertenencia y permisos en API.";"<select value={status} onChange={(event) => setStatus(event.target.value)}>"
"UI-0176";"app/client-admin/src/App.tsx";"6157";"ChargesOperationalView";"select";"Relación de Pago:";"text (por defecto)";"{relation}";"";"";"";"";"";"";"";"";"";"ENUM";"Solo opciones autorizadas del catálogo; comprobar pertenencia y permisos en API.";"<select value={relation} onChange={(event) => setRelation(event.target.value)}>"
"UI-0177";"app/client-admin/src/App.tsx";"6356";"RecurringChargeDialog";"input";"""Código de cliente""";"text (por defecto)";"{clientCode}";"";"";"";"";"";"";"";"";"";"CODE";"Texto identificador: letras/números y separadores acordados (- _ . /); mantener ceros iniciales; no forzar UUID ni número a códigos legacy.";"<input id=""recurring-charge-client-code"" value={clientCode} onChange={(event) => updateClientCode(event.target.value)} aria-label=""Código de cliente"" />"
"UI-0178";"app/client-admin/src/App.tsx";"6357";"RecurringChargeDialog";"input";"""Nombre del cliente""";"text (por defecto)";"{matchedClient?.name ?? """"}";"true";"";"";"";"";"";"";"";"";"READONLY";"Valor calculado/servidor: no aceptar edición; recalcular/verificar en API.";"<input value={matchedClient?.name ?? """"} readOnly aria-label=""Nombre del cliente"" placeholder=""Seleccione un cliente"" />"
"UI-0179";"app/client-admin/src/App.tsx";"6362";"RecurringChargeDialog";"input";"";"""date""";"{startDate}";"";"";"";"";"";"";"";"";"";"DATE";"Fecha real YYYY-MM-DD y orden de rango; validar en API, no solo atributo date.";"<input id=""recurring-charge-start"" type=""date"" value={startDate} onChange={(event) => setStartDate(event.target.value)} />"
"UI-0180";"app/client-admin/src/App.tsx";"6364";"RecurringChargeDialog";"input";"";"""date""";"{endDate}";"";"";"";"";"";"";"";"";"";"DATE";"Fecha real YYYY-MM-DD y orden de rango; validar en API, no solo atributo date.";"<input id=""recurring-charge-end"" type=""date"" value={endDate} onChange={(event) => setEndDate(event.target.value)} />"
"UI-0181";"app/client-admin/src/App.tsx";"6368";"RecurringChargeDialog";"select";"";"text (por defecto)";"{frequency}";"";"";"";"";"";"";"";"";"";"ENUM";"Solo opciones autorizadas del catálogo; comprobar pertenencia y permisos en API.";"<select id=""recurring-charge-frequency"" value={frequency} onChange={(event) => setFrequency(event.target.value)}>"
"UI-0182";"app/client-admin/src/App.tsx";"6372";"RecurringChargeDialog";"input";"";"""number""";"{day1}";"";"";"";"""1""";"""31""";"";"";"";"";"DAY";"Entero dentro del calendario/frecuencia; 1–31 cuando corresponde; vacío solo según contrato. Cerrar alternativa string del backend.";"<input id=""recurring-charge-day1"" className=""recurring-charge-day"" type=""number"" min=""1"" max=""31"" value={day1} onChange={(event) => setDay1(event.target.value)} />"
"UI-0183";"app/client-admin/src/App.tsx";"6374";"RecurringChargeDialog";"input";"";"""number""";"{day2}";"";"";"";"""1""";"""31""";"";"";"";"";"DAY";"Entero dentro del calendario/frecuencia; 1–31 cuando corresponde; vacío solo según contrato. Cerrar alternativa string del backend.";"<input id=""recurring-charge-day2"" className=""recurring-charge-day"" type=""number"" min=""1"" max=""31"" value={day2} onChange={(event) => setDay2(event.target.value)} />"
"UI-0184";"app/client-admin/src/App.tsx";"6378";"RecurringChargeDialog";"select";"";"text (por defecto)";"{currency}";"";"";"";"";"";"";"";"";"";"ENUM";"Solo opciones autorizadas del catálogo; comprobar pertenencia y permisos en API.";"<select id=""recurring-charge-currency"" value={currency} onChange={(event) => setCurrency(event.target.value)}>"
"UI-0185";"app/client-admin/src/App.tsx";"6382";"RecurringChargeDialog";"select";"";"text (por defecto)";"{service}";"";"";"";"";"";"";"";"";"";"ENUM";"Solo opciones autorizadas del catálogo; comprobar pertenencia y permisos en API.";"<select id=""recurring-charge-service"" value={service} onChange={(event) => setService(event.target.value)}>"
"UI-0186";"app/client-admin/src/App.tsx";"6386";"RecurringChargeDialog";"select";"";"text (por defecto)";"{concept}";"";"";"";"";"";"";"";"";"";"ENUM";"Solo opciones autorizadas del catálogo; comprobar pertenencia y permisos en API.";"<select id=""recurring-charge-concept"" value={concept} onChange={(event) => setConcept(event.target.value)}>"
"UI-0187";"app/client-admin/src/App.tsx";"6391";"RecurringChargeDialog";"input";"Usar Importe de Concepto";"""checkbox""";"";"";"";"";"";"";"";"";"";"";"BOOL";"Solo booleano real; radios/checkboxes y validación API.";"<input type=""checkbox"" checked={useConceptAmount} onChange={(event) => setUseConceptAmount(event.target.checked)} />"
"UI-0188";"app/client-admin/src/App.tsx";"6394";"RecurringChargeDialog";"input";"";"""number""";"{amount}";"";"{useConceptAmount}";"";"""0""";"";"""0.01""";"";"";"";"MONEY";"Decimal positivo de hasta 2 posiciones; sin letras, exponente ni separadores de miles; convertir a centavos exactos; techo por operación.";"<input id=""recurring-charge-amount"" type=""number"" min=""0"" step=""0.01"" value={amount} disabled={useConceptAmount} onChange={(event) => setAmount(event.target.value)} />"
"UI-0189";"app/client-admin/src/App.tsx";"6398";"RecurringChargeDialog";"input";"";"text (por defecto)";"{note}";"";"";"";"";"";"";"";"";"";"TEXT";"Texto plano Unicode con puntuación legítima; longitud por contrato, sin NUL/controles; saltos de línea solo donde corresponda; escapar al exportar/renderizar.";"<input id=""recurring-charge-note"" value={note} onChange={(event) => setNote(event.target.value)} />"
"UI-0190";"app/client-admin/src/App.tsx";"6509";"RecurringChargesOperationalView";"input";"Todos";"""radio""";"""todos""";"";"";"";"";"";"";"";"";"";"BOOL";"Solo booleano real; radios/checkboxes y validación API.";"<input type=""radio"" name=""recurring-charge-filter-mode"" value=""todos"" checked={filterMode === ""Todos""} onChange={() => setFilterMode(""Todos"")} />"
"UI-0191";"app/client-admin/src/App.tsx";"6514";"RecurringChargesOperationalView";"input";"por Cliente:";"""radio""";"""porCliente""";"";"";"";"";"";"";"";"";"";"BOOL";"Solo booleano real; radios/checkboxes y validación API.";"<input type=""radio"" name=""recurring-charge-filter-mode"" value=""porCliente"" checked={filterMode === ""por Cliente""} onChange={() => setFilterMode(""por Cliente"")} />"
"UI-0192";"app/client-admin/src/App.tsx";"6517";"RecurringChargesOperationalView";"input";"""Filtrar por cliente""";"""text""";"{clientQuery}";"";"{filterMode !== ""por Cliente""}";"";"";"";"";"";"";"";"SEARCH";"Texto de búsqueda acotado; mantener símbolos legítimos; filtrar/parametrizar como valor, no como SQL.";"<input aria-label=""Filtrar por cliente"" type=""text"" value={clientQuery} disabled={filterMode !== ""por Cliente""} onChange={(event) => setClientQuery(event.target.value)} />"
"UI-0193";"app/client-admin/src/App.tsx";"6524";"RecurringChargesOperationalView";"input";"";"""date""";"{fromDate}";"";"";"";"";"";"";"";"";"";"DATE";"Fecha real YYYY-MM-DD y orden de rango; validar en API, no solo atributo date.";"<input id=""recurring-start-date"" type=""date"" value={fromDate} onChange={(event) => setFromDate(event.target.value)} />"
"UI-0194";"app/client-admin/src/App.tsx";"6529";"RecurringChargesOperationalView";"input";"";"""date""";"{toDate}";"";"";"";"";"";"";"";"";"";"DATE";"Fecha real YYYY-MM-DD y orden de rango; validar en API, no solo atributo date.";"<input id=""recurring-end-date"" type=""date"" value={toDate} onChange={(event) => setToDate(event.target.value)} />"
"UI-0195";"app/client-admin/src/App.tsx";"6534";"RecurringChargesOperationalView";"select";"";"text (por defecto)";"{status}";"";"";"";"";"";"";"";"";"";"ENUM";"Solo opciones autorizadas del catálogo; comprobar pertenencia y permisos en API.";"<select id=""recurring-status"" value={status} onChange={(event) => setStatus(event.target.value)}>"
"UI-0196";"app/client-admin/src/App.tsx";"6878";"LegacyOperationView";"input";"";"""radio""";"""Todos""";"";"";"";"";"";"";"";"";"";"BOOL";"Solo booleano real; radios/checkboxes y validación API.";"<input type=""radio"" name=""collection-filter-mode"" value=""Todos"" checked={mode === ""Todos""} onChange={() => setMode(""Todos"")} />"
"UI-0197";"app/client-admin/src/App.tsx";"6880";"LegacyOperationView";"input";"";"""radio""";"""Por Cliente""";"";"";"";"";"";"";"";"";"";"BOOL";"Solo booleano real; radios/checkboxes y validación API.";"<input type=""radio"" name=""collection-filter-mode"" value=""Por Cliente"" checked={mode === ""Por Cliente""} onChange={() => setMode(""Por Cliente"")} />"
"UI-0198";"app/client-admin/src/App.tsx";"6881";"LegacyOperationView";"input";"""Buscar por cliente""";"text (por defecto)";"{query}";"";"{mode !== ""Por Cliente""}";"";"";"";"";"";"";"";"SEARCH";"Texto de búsqueda acotado; mantener símbolos legítimos; filtrar/parametrizar como valor, no como SQL.";"<input aria-label=""Buscar por cliente"" value={query} disabled={mode !== ""Por Cliente""} onChange={(event) => { setQuery(event.target.value); setCollectionClientId(""""); }} />"
"UI-0199";"app/client-admin/src/App.tsx";"6884";"LegacyOperationView";"input";"";"""radio""";"""Por Cobrador""";"";"";"";"";"";"";"";"";"";"BOOL";"Solo booleano real; radios/checkboxes y validación API.";"<input type=""radio"" name=""collection-filter-mode"" value=""Por Cobrador"" checked={mode === ""Por Cobrador""} onChange={() => setMode(""Por Cobrador"")} />"
"UI-0200";"app/client-admin/src/App.tsx";"6885";"LegacyOperationView";"select";"""Cobrador""";"text (por defecto)";"{collectionCollectorId}";"";"{mode !== ""Por Cobrador""}";"";"";"";"";"";"";"";"ENUM";"Solo opciones autorizadas del catálogo; comprobar pertenencia y permisos en API.";"<select className=""charges-filter-control"" aria-label=""Cobrador"" value={collectionCollectorId} disabled={mode !== ""Por Cobrador""} onChange={(event) => setCollectionCollectorId(event.target.value)}>"
"UI-0201";"app/client-admin/src/App.tsx";"6888";"LegacyOperationView";"input";"";"""radio""";"""Por Zona""";"";"";"";"";"";"";"";"";"";"BOOL";"Solo booleano real; radios/checkboxes y validación API.";"<input type=""radio"" name=""collection-filter-mode"" value=""Por Zona"" checked={mode === ""Por Zona""} onChange={() => setMode(""Por Zona"")} />"
"UI-0202";"app/client-admin/src/App.tsx";"6889";"LegacyOperationView";"select";"""Zona""";"text (por defecto)";"{collectionZone}";"";"{mode !== ""Por Zona""}";"";"";"";"";"";"";"";"ENUM";"Solo opciones autorizadas del catálogo; comprobar pertenencia y permisos en API.";"<select className=""charges-filter-control"" aria-label=""Zona"" value={collectionZone} disabled={mode !== ""Por Zona""} onChange={(event) => setCollectionZone(event.target.value)}>"
"UI-0203";"app/client-admin/src/App.tsx";"6892";"LegacyOperationView";"input";"";"""radio""";"""Por Ruta""";"";"";"";"";"";"";"";"";"";"BOOL";"Solo booleano real; radios/checkboxes y validación API.";"<input type=""radio"" name=""collection-filter-mode"" value=""Por Ruta"" checked={mode === ""Por Ruta""} onChange={() => setMode(""Por Ruta"")} />"
"UI-0204";"app/client-admin/src/App.tsx";"6893";"LegacyOperationView";"select";"""Ruta""";"text (por defecto)";"{collectionRouteId}";"";"{mode !== ""Por Ruta""}";"";"";"";"";"";"";"";"ENUM";"Solo opciones autorizadas del catálogo; comprobar pertenencia y permisos en API.";"<select className=""charges-filter-control"" aria-label=""Ruta"" value={collectionRouteId} disabled={mode !== ""Por Ruta""} onChange={(event) => setCollectionRouteId(event.target.value)}>"
"UI-0205";"app/client-admin/src/App.tsx";"6896";"LegacyOperationView";"input";"Fecha Inicial:";"""date""";"{collectionFromDate}";"";"";"";"";"";"";"";"";"";"DATE";"Fecha real YYYY-MM-DD y orden de rango; validar en API, no solo atributo date.";"<input type=""date"" value={collectionFromDate} onChange={(event) => setCollectionFromDate(event.target.value)} />"
"UI-0206";"app/client-admin/src/App.tsx";"6897";"LegacyOperationView";"input";"Fecha final:";"""date""";"{collectionToDate}";"";"";"";"";"";"";"";"";"";"DATE";"Fecha real YYYY-MM-DD y orden de rango; validar en API, no solo atributo date.";"<input type=""date"" value={collectionToDate} onChange={(event) => setCollectionToDate(event.target.value)} />"
"UI-0207";"app/client-admin/src/App.tsx";"6898";"LegacyOperationView";"select";"Estado:";"text (por defecto)";"{collectionStatus}";"";"";"";"";"";"";"";"";"";"ENUM";"Solo opciones autorizadas del catálogo; comprobar pertenencia y permisos en API.";"<select value={collectionStatus} onChange={(event) => setCollectionStatus(event.target.value)}>"
"UI-0208";"app/client-admin/src/App.tsx";"6940";"LegacyOperationView";"input";"{item}";"""radio""";"";"";"";"";"";"";"";"";"";"";"BOOL";"Solo booleano real; radios/checkboxes y validación API.";"<input type=""radio"" name=""legacy-filter-mode"" checked={mode === item} onChange={() => setMode(item)} />"
"UI-0209";"app/client-admin/src/App.tsx";"6952";"LegacyOperationView";"input";"Fecha Inicial";"""date""";"{fromDate}";"";"";"";"";"";"";"";"";"";"DATE";"Fecha real YYYY-MM-DD y orden de rango; validar en API, no solo atributo date.";"<input type=""date"" value={fromDate} onChange={(event) => setFromDate(event.target.value)} />"
"UI-0210";"app/client-admin/src/App.tsx";"6960";"LegacyOperationView";"input";"Fecha Final";"""date""";"{toDate}";"";"";"";"";"";"";"";"";"";"DATE";"Fecha real YYYY-MM-DD y orden de rango; validar en API, no solo atributo date.";"<input type=""date"" value={toDate} onChange={(event) => setToDate(event.target.value)} />"
"UI-0211";"app/client-admin/src/App.tsx";"6968";"LegacyOperationView";"select";"Estado";"text (por defecto)";"{status}";"";"";"";"";"";"";"";"";"";"ENUM";"Solo opciones autorizadas del catálogo; comprobar pertenencia y permisos en API.";"<select value={status} onChange={(event) => setStatus(event.target.value)} >"
"UI-0212";"app/client-admin/src/App.tsx";"6979";"LegacyOperationView";"select";"{spec.relationLabel}";"text (por defecto)";"";"";"";"";"";"";"";"";"";"";"ENUM";"Solo opciones autorizadas del catálogo; comprobar pertenencia y permisos en API.";"<select>"
"UI-0213";"app/client-admin/src/App.tsx";"7017";"LegacyOperationView";"input";"";"""file""";"";"";"";"";"";"";"";"";"";"";"FILE";"CSV permitido, tamaño, cabecera y tipos/filas validados; accept no es protección.";"<input ref={importFileRef} type=""file"" accept="".csv,text/csv"" style={{ display: ""none"" }} onChange={(event) => { const file = event.target.files?.[0]; event.target.value = """"; if (file) void onImportFile(file); }} />"
"UI-0214";"app/client-admin/src/App.tsx";"7051";"LegacyOperationView";"input";"""Buscar en grilla...""";"text (por defecto)";"{query}";"";"";"";"";"";"";"";"";"";"SEARCH";"Texto de búsqueda acotado; mantener símbolos legítimos; filtrar/parametrizar como valor, no como SQL.";"<input placeholder=""Buscar en grilla..."" value={query} onChange={(event) => setQuery(event.target.value)} />"
"UI-0215";"app/client-admin/src/App.tsx";"7451";"DepositsOperationalView";"input";"";"""radio""";"";"";"";"";"";"";"";"";"";"";"BOOL";"Solo booleano real; radios/checkboxes y validación API.";"<input type=""radio"" name=""deposit-filter-mode"" checked={mode === ""Todos""} onChange={() => setMode(""Todos"")} />"
"UI-0216";"app/client-admin/src/App.tsx";"7452";"DepositsOperationalView";"input";"";"""radio""";"";"";"";"";"";"";"";"";"";"";"BOOL";"Solo booleano real; radios/checkboxes y validación API.";"<input type=""radio"" name=""deposit-filter-mode"" checked={mode === ""Por Cobrador""} onChange={() => setMode(""Por Cobrador"")} />"
"UI-0217";"app/client-admin/src/App.tsx";"7452";"DepositsOperationalView";"select";"""Filtrar por cobrador""";"text (por defecto)";"{collectorFilter}";"";"{mode !== ""Por Cobrador""}";"";"";"";"";"";"";"";"ENUM";"Solo opciones autorizadas del catálogo; comprobar pertenencia y permisos en API.";"<select className=""charges-filter-control"" aria-label=""Filtrar por cobrador"" value={collectorFilter} disabled={mode !== ""Por Cobrador""} onChange={(event) => setCollectorFilter(event.target.value)}>"
"UI-0218";"app/client-admin/src/App.tsx";"7453";"DepositsOperationalView";"input";"";"""radio""";"";"";"";"";"";"";"";"";"";"";"BOOL";"Solo booleano real; radios/checkboxes y validación API.";"<input type=""radio"" name=""deposit-filter-mode"" checked={mode === ""Por Zona""} onChange={() => setMode(""Por Zona"")} />"
"UI-0219";"app/client-admin/src/App.tsx";"7453";"DepositsOperationalView";"select";"""Filtrar por zona""";"text (por defecto)";"{zoneFilter}";"";"{mode !== ""Por Zona""}";"";"";"";"";"";"";"";"ENUM";"Solo opciones autorizadas del catálogo; comprobar pertenencia y permisos en API.";"<select className=""charges-filter-control"" aria-label=""Filtrar por zona"" value={zoneFilter} disabled={mode !== ""Por Zona""} onChange={(event) => setZoneFilter(event.target.value)}>"
"UI-0220";"app/client-admin/src/App.tsx";"7454";"DepositsOperationalView";"input";"";"""radio""";"";"";"";"";"";"";"";"";"";"";"BOOL";"Solo booleano real; radios/checkboxes y validación API.";"<input type=""radio"" name=""deposit-filter-mode"" checked={mode === ""Por Ruta""} onChange={() => setMode(""Por Ruta"")} />"
"UI-0221";"app/client-admin/src/App.tsx";"7454";"DepositsOperationalView";"select";"""Filtrar por ruta""";"text (por defecto)";"{routeFilter}";"";"{mode !== ""Por Ruta""}";"";"";"";"";"";"";"";"ENUM";"Solo opciones autorizadas del catálogo; comprobar pertenencia y permisos en API.";"<select className=""charges-filter-control"" aria-label=""Filtrar por ruta"" value={routeFilter} disabled={mode !== ""Por Ruta""} onChange={(event) => setRouteFilter(event.target.value)}>"
"UI-0222";"app/client-admin/src/App.tsx";"7456";"DepositsOperationalView";"input";"Fecha Inicial:";"""date""";"{fromDate}";"";"";"";"";"";"";"";"";"";"DATE";"Fecha real YYYY-MM-DD y orden de rango; validar en API, no solo atributo date.";"<input type=""date"" value={fromDate} onChange={(event) => setFromDate(event.target.value)} />"
"UI-0223";"app/client-admin/src/App.tsx";"7457";"DepositsOperationalView";"input";"Fecha final:";"""date""";"{toDate}";"";"";"";"";"";"";"";"";"";"DATE";"Fecha real YYYY-MM-DD y orden de rango; validar en API, no solo atributo date.";"<input type=""date"" value={toDate} onChange={(event) => setToDate(event.target.value)} />"
"UI-0224";"app/client-admin/src/App.tsx";"7458";"DepositsOperationalView";"select";"Estado:";"text (por defecto)";"{status}";"";"";"";"";"";"";"";"";"";"ENUM";"Solo opciones autorizadas del catálogo; comprobar pertenencia y permisos en API.";"<select value={status} onChange={(event) => setStatus(event.target.value)}>"
"UI-0225";"app/client-admin/src/App.tsx";"7484";"DepositsOperationalView";"input";"";"text (por defecto)";"{cancelReason}";"";"{lifecycleRequest.locked}";"";"";"";"";"";"";"";"TEXT";"Texto plano Unicode con puntuación legítima; longitud por contrato, sin NUL/controles; saltos de línea solo donde corresponda; escapar al exportar/renderizar.";"<input autoFocus disabled={lifecycleRequest.locked} value={cancelReason} onChange={(event) => setCancelReason(event.target.value)} />"
"UI-0226";"app/client-admin/src/App.tsx";"7485";"DepositsOperationalView";"input";"{nativeMoney(denomination, acceptCurrency)}";"""number""";"{acceptQuantities[denomination] ?? """"}";"";"{lifecycleRequest.locked || acceptAmount === 0}";"";"""0""";"";"""1""";"";"";"";"INT";"Solo entero dentro de rango; sin decimales, letras, exponentes ni signos no autorizados.";"<input aria-label={`Aceptar cantidad ${denomination / 100}`} disabled={lifecycleRequest.locked || acceptAmount === 0} type=""number"" min=""0"" step=""1"" value={acceptQuantities[denomination] ?? """"} onChange={(event) => setAcceptQuantities((current) => ({ ...current, [denomination]: event.target.value }))} />"
"UI-0227";"app/client-admin/src/App.tsx";"7554";"DepositDataDialog";"input";"Doc:";"text (por defecto)";"{movement?.id ?? ""-1""}";"true";"true";"";"";"";"";"";"";"";"READONLY";"Valor calculado/servidor: no aceptar edición; recalcular/verificar en API.";"<input value={movement?.id ?? ""-1""} readOnly disabled />"
"UI-0228";"app/client-admin/src/App.tsx";"7554";"DepositDataDialog";"input";"Fecha:";"""date""";"{date}";"true";"";"";"";"";"";"";"";"";"READONLY";"Valor calculado/servidor: no aceptar edición; recalcular/verificar en API.";"<input type=""date"" value={date} readOnly />"
"UI-0229";"app/client-admin/src/App.tsx";"7555";"DepositDataDialog";"select";"";"text (por defecto)";"{currency}";"";"";"";"";"";"";"";"";"";"ENUM";"Solo opciones autorizadas del catálogo; comprobar pertenencia y permisos en API.";"<select value={currency} onChange={(event) => { setCurrency(event.target.value); setQuantities(emptyDepositQuantities()); setNonCash([]); }}>"
"UI-0230";"app/client-admin/src/App.tsx";"7556";"DepositDataDialog";"select";"";"text (por defecto)";"{collectorId}";"";"";"";"";"";"";"";"";"";"ENUM";"Solo opciones autorizadas del catálogo; comprobar pertenencia y permisos en API.";"<select value={collectorId} onChange={(event) => { setCollectorId(event.target.value); setQuantities(emptyDepositQuantities()); setNonCash([]); }}>"
"UI-0231";"app/client-admin/src/App.tsx";"7557";"DepositDataDialog";"input";"";"text (por defecto)";"{note}";"";"";"";"";"";"";"";"";"";"TEXT";"Texto plano Unicode con puntuación legítima; longitud por contrato, sin NUL/controles; saltos de línea solo donde corresponda; escapar al exportar/renderizar.";"<input value={note} onChange={(event) => setNote(event.target.value)} />"
"UI-0232";"app/client-admin/src/App.tsx";"7559";"DepositDataDialog";"input";"{`Cantidad ${denomination / 100}`}";"""number""";"{quantities[denomination] ?? """"}";"";"";"";"""0""";"";"""1""";"";"";"";"INT";"Solo entero dentro de rango; sin decimales, letras, exponentes ni signos no autorizados.";"<input aria-label={`Cantidad ${denomination / 100}`} type=""number"" min=""0"" step=""1"" value={quantities[denomination] ?? """"} onChange={(event) => setQuantities((current) => ({ ...current, [denomination]: event.target.value }))} />"
"UI-0233";"app/client-admin/src/App.tsx";"7561";"DepositDataDialog";"select";"{`Método componente ${index + 1}`}";"text (por defecto)";"{line.method}";"";"";"";"";"";"";"";"";"";"ENUM";"Solo opciones autorizadas del catálogo; comprobar pertenencia y permisos en API.";"<select aria-label={`Método componente ${index + 1}`} value={line.method} onChange={(event) => setNonCash((lines) => lines.map((item) => item.id === line.id ? { ...item, method: event.target.value as NonCashDepositLine[""method""] } : item))}>"
"UI-0234";"app/client-admin/src/App.tsx";"7561";"DepositDataDialog";"input";"{`Importe componente ${index + 1}`}";"text (por defecto)";"{line.amount}";"";"";"";"";"";"";"{30}";"";"""decimal""";"MONEY";"Decimal positivo de hasta 2 posiciones; sin letras, exponente ni separadores de miles; convertir a centavos exactos; techo por operación.";"<input aria-label={`Importe componente ${index + 1}`} inputMode=""decimal"" maxLength={30} value={line.amount} onChange={(event) => setNonCash((lines) => lines.map((item) => item.id === line.id ? { ...item, amount: event.target.value } : item))} />"
"UI-0235";"app/client-admin/src/App.tsx";"7561";"DepositDataDialog";"input";"{`Banco componente ${index + 1}`}";"text (por defecto)";"{line.bank}";"";"";"";"";"";"";"{160}";"";"";"TEXT";"Texto plano Unicode con puntuación legítima; longitud por contrato, sin NUL/controles; saltos de línea solo donde corresponda; escapar al exportar/renderizar.";"<input aria-label={`Banco componente ${index + 1}`} maxLength={160} value={line.bank} onChange={(event) => setNonCash((lines) => lines.map((item) => item.id === line.id ? { ...item, bank: event.target.value } : item))} />"
"UI-0236";"app/client-admin/src/App.tsx";"7561";"DepositDataDialog";"input";"{`Referencia componente ${index + 1}`}";"text (por defecto)";"{line.reference}";"";"";"";"";"";"";"{160}";"";"";"CODE";"Texto identificador: letras/números y separadores acordados (- _ . /); mantener ceros iniciales; no forzar UUID ni número a códigos legacy.";"<input aria-label={`Referencia componente ${index + 1}`} maxLength={160} value={line.reference} onChange={(event) => setNonCash((lines) => lines.map((item) => item.id === line.id ? { ...item, reference: event.target.value } : item))} />"
"UI-0237";"app/client-admin/src/App.tsx";"7565";"DepositDataDialog";"input";"Total:";"text (por defecto)";"{validTotal ? depositMoney(total, currency) : ""Importe no válido""}";"true";"true";"";"";"";"";"";"";"";"READONLY";"Valor calculado/servidor: no aceptar edición; recalcular/verificar en API.";"<input value={validTotal ? depositMoney(total, currency) : ""Importe no válido""} readOnly disabled />"
"UI-0238";"app/client-admin/src/App.tsx";"7730";"CashDeliveriesOperationalView";"input";"";"""radio""";"";"";"";"";"";"";"";"";"";"";"BOOL";"Solo booleano real; radios/checkboxes y validación API.";"<input type=""radio"" name=""cash-delivery-filter-mode"" checked={mode === ""Todos""} onChange={() => setMode(""Todos"")} />"
"UI-0239";"app/client-admin/src/App.tsx";"7731";"CashDeliveriesOperationalView";"input";"";"""radio""";"";"";"";"";"";"";"";"";"";"";"BOOL";"Solo booleano real; radios/checkboxes y validación API.";"<input type=""radio"" name=""cash-delivery-filter-mode"" checked={mode === ""Por Cobrador""} onChange={() => setMode(""Por Cobrador"")} />"
"UI-0240";"app/client-admin/src/App.tsx";"7731";"CashDeliveriesOperationalView";"select";"""Filtrar por cobrador""";"text (por defecto)";"{collectorFilter}";"";"{mode !== ""Por Cobrador""}";"";"";"";"";"";"";"";"ENUM";"Solo opciones autorizadas del catálogo; comprobar pertenencia y permisos en API.";"<select className=""charges-filter-control"" aria-label=""Filtrar por cobrador"" value={collectorFilter} disabled={mode !== ""Por Cobrador""} onChange={(event) => setCollectorFilter(event.target.value)}>"
"UI-0241";"app/client-admin/src/App.tsx";"7733";"CashDeliveriesOperationalView";"input";"Fecha Inicial:";"""date""";"{fromDate}";"";"";"";"";"";"";"";"";"";"DATE";"Fecha real YYYY-MM-DD y orden de rango; validar en API, no solo atributo date.";"<input type=""date"" value={fromDate} onChange={(event) => setFromDate(event.target.value)} />"
"UI-0242";"app/client-admin/src/App.tsx";"7734";"CashDeliveriesOperationalView";"input";"Fecha final:";"""date""";"{toDate}";"";"";"";"";"";"";"";"";"";"DATE";"Fecha real YYYY-MM-DD y orden de rango; validar en API, no solo atributo date.";"<input type=""date"" value={toDate} onChange={(event) => setToDate(event.target.value)} />"
"UI-0243";"app/client-admin/src/App.tsx";"7735";"CashDeliveriesOperationalView";"select";"Estado:";"text (por defecto)";"{status}";"";"";"";"";"";"";"";"";"";"ENUM";"Solo opciones autorizadas del catálogo; comprobar pertenencia y permisos en API.";"<select value={status} onChange={(event) => setStatus(event.target.value)}>"
"UI-0244";"app/client-admin/src/App.tsx";"7810";"CashDeliveryDataDialog";"input";"Doc:";"text (por defecto)";"""-1""";"true";"true";"";"";"";"";"";"";"";"READONLY";"Valor calculado/servidor: no aceptar edición; recalcular/verificar en API.";"<input value=""-1"" readOnly disabled />"
"UI-0245";"app/client-admin/src/App.tsx";"7810";"CashDeliveryDataDialog";"input";"Fecha:";"""date""";"{date}";"true";"";"";"";"";"";"";"";"";"READONLY";"Valor calculado/servidor: no aceptar edición; recalcular/verificar en API.";"<input type=""date"" value={date} readOnly />"
"UI-0246";"app/client-admin/src/App.tsx";"7811";"CashDeliveryDataDialog";"select";"";"text (por defecto)";"{currency}";"";"";"";"";"";"";"";"";"";"ENUM";"Solo opciones autorizadas del catálogo; comprobar pertenencia y permisos en API.";"<select value={currency} onChange={(event) => { setCurrency(event.target.value); setQuantities(emptyDepositQuantities()); }}>"
"UI-0247";"app/client-admin/src/App.tsx";"7812";"CashDeliveryDataDialog";"select";"";"text (por defecto)";"{collectorId}";"";"";"";"";"";"";"";"";"";"ENUM";"Solo opciones autorizadas del catálogo; comprobar pertenencia y permisos en API.";"<select value={collectorId} onChange={(event) => { setCollectorId(event.target.value); setQuantities(emptyDepositQuantities()); }}>"
"UI-0248";"app/client-admin/src/App.tsx";"7813";"CashDeliveryDataDialog";"input";"";"text (por defecto)";"{note}";"";"";"";"";"";"";"";"";"";"TEXT";"Texto plano Unicode con puntuación legítima; longitud por contrato, sin NUL/controles; saltos de línea solo donde corresponda; escapar al exportar/renderizar.";"<input value={note} onChange={(event) => setNote(event.target.value)} />"
"UI-0249";"app/client-admin/src/App.tsx";"7818";"CashDeliveryDataDialog";"input";"Total:";"text (por defecto)";"{depositMoney(total, currency)}";"true";"true";"";"";"";"";"";"";"";"READONLY";"Valor calculado/servidor: no aceptar edición; recalcular/verificar en API.";"<input value={depositMoney(total, currency)} readOnly disabled />"
"UI-0250";"app/client-admin/src/App.tsx";"8041";"PayoutsOperationalView";"input";"";"""radio""";"";"";"";"";"";"";"";"";"";"";"BOOL";"Solo booleano real; radios/checkboxes y validación API.";"<input type=""radio"" name=""payout-filter-mode"" checked={mode === ""Todos""} onChange={() => setMode(""Todos"")} />"
"UI-0251";"app/client-admin/src/App.tsx";"8042";"PayoutsOperationalView";"input";"";"""radio""";"";"";"";"";"";"";"";"";"";"";"BOOL";"Solo booleano real; radios/checkboxes y validación API.";"<input type=""radio"" name=""payout-filter-mode"" checked={mode === ""por Cliente""} onChange={() => setMode(""por Cliente"")} />"
"UI-0252";"app/client-admin/src/App.tsx";"8042";"PayoutsOperationalView";"input";"""Filtrar por cliente""";"text (por defecto)";"{clientQuery}";"";"{mode !== ""por Cliente""}";"";"";"";"";"";"";"";"SEARCH";"Texto de búsqueda acotado; mantener símbolos legítimos; filtrar/parametrizar como valor, no como SQL.";"<input aria-label=""Filtrar por cliente"" value={clientQuery} disabled={mode !== ""por Cliente""} onChange={(event) => { setClientQuery(event.target.value); setFilterClientId(""""); }} />"
"UI-0253";"app/client-admin/src/App.tsx";"8043";"PayoutsOperationalView";"input";"";"""radio""";"";"";"";"";"";"";"";"";"";"";"BOOL";"Solo booleano real; radios/checkboxes y validación API.";"<input type=""radio"" name=""payout-filter-mode"" checked={mode === ""Por Zona""} onChange={() => setMode(""Por Zona"")} />"
"UI-0254";"app/client-admin/src/App.tsx";"8043";"PayoutsOperationalView";"select";"""Filtrar por zona""";"text (por defecto)";"{zone}";"";"{mode !== ""Por Zona""}";"";"";"";"";"";"";"";"ENUM";"Solo opciones autorizadas del catálogo; comprobar pertenencia y permisos en API.";"<select className=""charges-filter-control"" aria-label=""Filtrar por zona"" value={zone} disabled={mode !== ""Por Zona""} onChange={(event) => setZone(event.target.value)}>"
"UI-0255";"app/client-admin/src/App.tsx";"8044";"PayoutsOperationalView";"input";"";"""radio""";"";"";"";"";"";"";"";"";"";"";"BOOL";"Solo booleano real; radios/checkboxes y validación API.";"<input type=""radio"" name=""payout-filter-mode"" checked={mode === ""Por Ruta""} onChange={() => setMode(""Por Ruta"")} />"
"UI-0256";"app/client-admin/src/App.tsx";"8044";"PayoutsOperationalView";"select";"""Filtrar por ruta""";"text (por defecto)";"{routeId}";"";"{mode !== ""Por Ruta""}";"";"";"";"";"";"";"";"ENUM";"Solo opciones autorizadas del catálogo; comprobar pertenencia y permisos en API.";"<select className=""charges-filter-control"" aria-label=""Filtrar por ruta"" value={routeId} disabled={mode !== ""Por Ruta""} onChange={(event) => setRouteId(event.target.value)}>"
"UI-0257";"app/client-admin/src/App.tsx";"8046";"PayoutsOperationalView";"input";"Fecha Inicial:";"""date""";"{fromDate}";"";"";"";"";"";"";"";"";"";"DATE";"Fecha real YYYY-MM-DD y orden de rango; validar en API, no solo atributo date.";"<input type=""date"" value={fromDate} onChange={(event) => setFromDate(event.target.value)} />"
"UI-0258";"app/client-admin/src/App.tsx";"8047";"PayoutsOperationalView";"input";"Fecha final:";"""date""";"{toDate}";"";"";"";"";"";"";"";"";"";"DATE";"Fecha real YYYY-MM-DD y orden de rango; validar en API, no solo atributo date.";"<input type=""date"" value={toDate} onChange={(event) => setToDate(event.target.value)} />"
"UI-0259";"app/client-admin/src/App.tsx";"8048";"PayoutsOperationalView";"select";"Estado:";"text (por defecto)";"{status}";"";"";"";"";"";"";"";"";"";"ENUM";"Solo opciones autorizadas del catálogo; comprobar pertenencia y permisos en API.";"<select value={status} onChange={(event) => setStatus(event.target.value)}>"
"UI-0260";"app/client-admin/src/App.tsx";"8225";"PaymentsOperationalView";"input";"";"""radio""";"";"";"";"";"";"";"";"";"";"";"BOOL";"Solo booleano real; radios/checkboxes y validación API.";"<input type=""radio"" name=""payment-filter-mode"" checked={mode === ""Todos""} onChange={() => setMode(""Todos"")} />"
"UI-0261";"app/client-admin/src/App.tsx";"8226";"PaymentsOperationalView";"input";"";"""radio""";"";"";"";"";"";"";"";"";"";"";"BOOL";"Solo booleano real; radios/checkboxes y validación API.";"<input type=""radio"" name=""payment-filter-mode"" checked={mode === ""por Cliente""} onChange={() => setMode(""por Cliente"")} />"
"UI-0262";"app/client-admin/src/App.tsx";"8226";"PaymentsOperationalView";"input";"""Filtrar por cliente""";"text (por defecto)";"{clientQuery}";"";"{mode !== ""por Cliente""}";"";"";"";"";"";"";"";"SEARCH";"Texto de búsqueda acotado; mantener símbolos legítimos; filtrar/parametrizar como valor, no como SQL.";"<input aria-label=""Filtrar por cliente"" value={clientQuery} disabled={mode !== ""por Cliente""} onChange={(event) => { setClientQuery(event.target.value); setFilterClientId(""""); }} />"
"UI-0263";"app/client-admin/src/App.tsx";"8227";"PaymentsOperationalView";"input";"";"""radio""";"";"";"";"";"";"";"";"";"";"";"BOOL";"Solo booleano real; radios/checkboxes y validación API.";"<input type=""radio"" name=""payment-filter-mode"" checked={mode === ""por Cobrador""} onChange={() => setMode(""por Cobrador"")} />"
"UI-0264";"app/client-admin/src/App.tsx";"8227";"PaymentsOperationalView";"select";"""Filtrar por cobrador""";"text (por defecto)";"{collectorId}";"";"{mode !== ""por Cobrador""}";"";"";"";"";"";"";"";"ENUM";"Solo opciones autorizadas del catálogo; comprobar pertenencia y permisos en API.";"<select className=""charges-filter-control"" aria-label=""Filtrar por cobrador"" value={collectorId} disabled={mode !== ""por Cobrador""} onChange={(event) => setCollectorId(event.target.value)}>"
"UI-0265";"app/client-admin/src/App.tsx";"8228";"PaymentsOperationalView";"input";"";"""radio""";"";"";"";"";"";"";"";"";"";"";"BOOL";"Solo booleano real; radios/checkboxes y validación API.";"<input type=""radio"" name=""payment-filter-mode"" checked={mode === ""Por Zona""} onChange={() => setMode(""Por Zona"")} />"
"UI-0266";"app/client-admin/src/App.tsx";"8228";"PaymentsOperationalView";"select";"""Filtrar por zona""";"text (por defecto)";"{zone}";"";"{mode !== ""Por Zona""}";"";"";"";"";"";"";"";"ENUM";"Solo opciones autorizadas del catálogo; comprobar pertenencia y permisos en API.";"<select className=""charges-filter-control"" aria-label=""Filtrar por zona"" value={zone} disabled={mode !== ""Por Zona""} onChange={(event) => setZone(event.target.value)}>"
"UI-0267";"app/client-admin/src/App.tsx";"8229";"PaymentsOperationalView";"input";"";"""radio""";"";"";"";"";"";"";"";"";"";"";"BOOL";"Solo booleano real; radios/checkboxes y validación API.";"<input type=""radio"" name=""payment-filter-mode"" checked={mode === ""Por Ruta""} onChange={() => setMode(""Por Ruta"")} />"
"UI-0268";"app/client-admin/src/App.tsx";"8229";"PaymentsOperationalView";"select";"""Filtrar por ruta""";"text (por defecto)";"{routeId}";"";"{mode !== ""Por Ruta""}";"";"";"";"";"";"";"";"ENUM";"Solo opciones autorizadas del catálogo; comprobar pertenencia y permisos en API.";"<select className=""charges-filter-control"" aria-label=""Filtrar por ruta"" value={routeId} disabled={mode !== ""Por Ruta""} onChange={(event) => setRouteId(event.target.value)}>"
"UI-0269";"app/client-admin/src/App.tsx";"8231";"PaymentsOperationalView";"input";"Fecha Inicial:";"""date""";"{fromDate}";"";"";"";"";"";"";"";"";"";"DATE";"Fecha real YYYY-MM-DD y orden de rango; validar en API, no solo atributo date.";"<input type=""date"" value={fromDate} onChange={(event) => setFromDate(event.target.value)} />"
"UI-0270";"app/client-admin/src/App.tsx";"8232";"PaymentsOperationalView";"input";"Fecha final:";"""date""";"{toDate}";"";"";"";"";"";"";"";"";"";"DATE";"Fecha real YYYY-MM-DD y orden de rango; validar en API, no solo atributo date.";"<input type=""date"" value={toDate} onChange={(event) => setToDate(event.target.value)} />"
"UI-0271";"app/client-admin/src/App.tsx";"8233";"PaymentsOperationalView";"select";"Estado:";"text (por defecto)";"{status}";"";"";"";"";"";"";"";"";"";"ENUM";"Solo opciones autorizadas del catálogo; comprobar pertenencia y permisos en API.";"<select value={status} onChange={(event) => setStatus(event.target.value)}>"
"UI-0272";"app/client-admin/src/App.tsx";"8348";"PaymentDataDialog";"input";"Doc:";"""number""";"""-1""";"true";"true";"";"";"";"";"";"";"";"READONLY";"Valor calculado/servidor: no aceptar edición; recalcular/verificar en API.";"<input type=""number"" value=""-1"" readOnly disabled aria-label=""Documento"" />"
"UI-0273";"app/client-admin/src/App.tsx";"8349";"PaymentDataDialog";"input";"Fecha:";"""date""";"{pending?.date ?? snapshot.businessDate}";"true";"";"";"";"";"";"";"";"";"READONLY";"Valor calculado/servidor: no aceptar edición; recalcular/verificar en API.";"<input type=""date"" value={pending?.date ?? snapshot.businessDate} readOnly title=""Fecha de la jornada; el comprobante usa la fecha registrada por el servidor"" />"
"UI-0274";"app/client-admin/src/App.tsx";"8350";"PaymentDataDialog";"select";"Moneda:";"text (por defecto)";"{draft.currency}";"";"";"";"";"";"";"";"";"";"ENUM";"Solo opciones autorizadas del catálogo; comprobar pertenencia y permisos en API.";"<select value={draft.currency} onChange={(event) => update(""currency"", event.target.value)}>"
"UI-0275";"app/client-admin/src/App.tsx";"8354";"PaymentDataDialog";"input";"""Código del cliente""";"text (por defecto)";"{draft.clientCode}";"";"";"";"";"";"";"";"";"";"CODE";"Texto identificador: letras/números y separadores acordados (- _ . /); mantener ceros iniciales; no forzar UUID ni número a códigos legacy.";"<input id=""payment-client-code"" value={draft.clientCode} onChange={(event) => resolveClientCode(event.target.value)} aria-label=""Código del cliente"" />"
"UI-0276";"app/client-admin/src/App.tsx";"8356";"PaymentDataDialog";"input";"""Nombre del cliente""";"text (por defecto)";"{client?.name ?? """"}";"true";"true";"";"";"";"";"";"";"";"READONLY";"Valor calculado/servidor: no aceptar edición; recalcular/verificar en API.";"<input value={client?.name ?? """"} readOnly disabled aria-label=""Nombre del cliente"" />"
"UI-0277";"app/client-admin/src/App.tsx";"8358";"PaymentDataDialog";"select";"";"text (por defecto)";"{draft.collectorId}";"";"";"";"";"";"";"";"";"";"ENUM";"Solo opciones autorizadas del catálogo; comprobar pertenencia y permisos en API.";"<select id=""payment-collector"" value={draft.collectorId} onChange={(event) => update(""collectorId"", event.target.value)}>"
"UI-0278";"app/client-admin/src/App.tsx";"8359";"PaymentDataDialog";"select";"";"text (por defecto)";"""Efectivo""";"";"true";"";"";"";"";"";"";"";"READONLY";"Valor calculado/servidor: no aceptar edición; recalcular/verificar en API.";"<select id=""payment-form"" value=""Efectivo"" disabled>"
"UI-0279";"app/client-admin/src/App.tsx";"8360";"PaymentDataDialog";"select";"";"text (por defecto)";"""No Definido""";"";"true";"";"";"";"";"";"";"";"READONLY";"Valor calculado/servidor: no aceptar edición; recalcular/verificar en API.";"<select id=""payment-bank"" value=""No Definido"" disabled>"
"UI-0280";"app/client-admin/src/App.tsx";"8361";"PaymentDataDialog";"input";"";"text (por defecto)";"""""";"";"true";"";"";"";"";"";"";"";"READONLY";"Valor calculado/servidor: no aceptar edición; recalcular/verificar en API.";"<input id=""payment-number"" value="""" disabled />"
"UI-0281";"app/client-admin/src/App.tsx";"8362";"PaymentDataDialog";"input";"";"text (por defecto)";"""""";"";"true";"";"";"";"";"";"";"";"READONLY";"Valor calculado/servidor: no aceptar edición; recalcular/verificar en API.";"<input id=""payment-note"" value="""" disabled />"
"UI-0282";"app/client-admin/src/App.tsx";"8371";"PaymentDataDialog";"input";"Total:";"text (por defecto)";"{nativeMoney(total, draft.currency)}";"true";"true";"";"";"";"";"";"";"";"READONLY";"Valor calculado/servidor: no aceptar edición; recalcular/verificar en API.";"<input value={nativeMoney(total, draft.currency)} readOnly disabled aria-label=""Total del pago"" />"
"UI-0283";"app/client-admin/src/App.tsx";"8392";"PaymentAmountDialog";"input";"Importe:";"""number""";"{amount}";"";"";"";"""0.01""";"";"""0.01""";"";"";"";"MONEY";"Decimal positivo de hasta 2 posiciones; sin letras, exponente ni separadores de miles; convertir a centavos exactos; techo por operación.";"<input autoFocus type=""number"" min=""0.01"" step=""0.01"" value={amount} onChange={(event) => setAmount(event.target.value)} />"
"UI-0284";"app/client-admin/src/App.tsx";"8396";"PaymentCancelNoteDialog";"input";"Nota:";"text (por defecto)";"{note}";"";"";"";"";"";"";"";"";"";"TEXT";"Texto plano Unicode con puntuación legítima; longitud por contrato, sin NUL/controles; saltos de línea solo donde corresponda; escapar al exportar/renderizar.";"<input autoFocus value={note} onChange={(event) => onChange(event.target.value)} />"
"UI-0285";"app/client-admin/src/App.tsx";"8454";"PayoutDataDialog";"input";"";"text (por defecto)";"{draft.clientCode}";"";"";"";"";"";"";"";"";"";"CODE";"Texto identificador: letras/números y separadores acordados (- _ . /); mantener ceros iniciales; no forzar UUID ni número a códigos legacy.";"<input id=""payout-client-code"" autoFocus value={draft.clientCode} onChange={(event) => updateClient(event.target.value)} />"
"UI-0286";"app/client-admin/src/App.tsx";"8454";"PayoutDataDialog";"input";"""Nombre del cliente""";"text (por defecto)";"{client?.name ?? """"}";"true";"true";"";"";"";"";"";"";"";"READONLY";"Valor calculado/servidor: no aceptar edición; recalcular/verificar en API.";"<input aria-label=""Nombre del cliente"" value={client?.name ?? """"} disabled readOnly />"
"UI-0287";"app/client-admin/src/App.tsx";"8455";"PayoutDataDialog";"select";"";"text (por defecto)";"{draft.currency}";"";"";"";"";"";"";"";"";"";"ENUM";"Solo opciones autorizadas del catálogo; comprobar pertenencia y permisos en API.";"<select id=""payout-currency"" value={draft.currency} onChange={(event) => update(""currency"", event.target.value)}>"
"UI-0288";"app/client-admin/src/App.tsx";"8456";"PayoutDataDialog";"select";"";"text (por defecto)";"{draft.service}";"";"";"";"";"";"";"";"";"";"ENUM";"Solo opciones autorizadas del catálogo; comprobar pertenencia y permisos en API.";"<select id=""payout-service"" value={draft.service} onChange={(event) => update(""service"", event.target.value)}>"
"UI-0289";"app/client-admin/src/App.tsx";"8457";"PayoutDataDialog";"select";"";"text (por defecto)";"{draft.concept}";"";"";"";"";"";"";"";"";"";"ENUM";"Solo opciones autorizadas del catálogo; comprobar pertenencia y permisos en API.";"<select id=""payout-concept"" value={draft.concept} onChange={(event) => update(""concept"", event.target.value)}>"
"UI-0290";"app/client-admin/src/App.tsx";"8458";"PayoutDataDialog";"input";"Precio";"""number""";"{draft.price}";"";"";"";"""0""";"";"""0.01""";"";"";"";"MONEY";"Decimal positivo de hasta 2 posiciones; sin letras, exponente ni separadores de miles; convertir a centavos exactos; techo por operación.";"<input id=""payout-price"" type=""number"" min=""0"" step=""0.01"" value={draft.price} onChange={(event) => update(""price"", event.target.value)} />"
"UI-0291";"app/client-admin/src/App.tsx";"8458";"PayoutDataDialog";"input";"Cantidad";"""number""";"{draft.quantity}";"";"";"";"""0""";"";"""0.01""";"";"";"";"INT";"Solo entero dentro de rango; sin decimales, letras, exponentes ni signos no autorizados.";"<input type=""number"" min=""0"" step=""0.01"" value={draft.quantity} onChange={(event) => update(""quantity"", event.target.value)} />"
"UI-0292";"app/client-admin/src/App.tsx";"8458";"PayoutDataDialog";"input";"Total";"""number""";"{centsInput(totalCents)}";"true";"true";"";"";"";"";"";"";"";"READONLY";"Valor calculado/servidor: no aceptar edición; recalcular/verificar en API.";"<input type=""number"" value={centsInput(totalCents)} disabled readOnly />"
"UI-0293";"app/client-admin/src/App.tsx";"8459";"PayoutDataDialog";"input";"";"text (por defecto)";"{draft.note}";"";"";"";"";"";"";"";"";"";"TEXT";"Texto plano Unicode con puntuación legítima; longitud por contrato, sin NUL/controles; saltos de línea solo donde corresponda; escapar al exportar/renderizar.";"<input id=""payout-note"" value={draft.note} onChange={(event) => update(""note"", event.target.value)} />"
"UI-0294";"app/client-admin/src/App.tsx";"8570";"RecurringPayoutModal";"select";"Cliente";"text (por defecto)";"{clientId}";"";"{Boolean(row)}";"";"";"";"";"";"";"";"ENUM";"Solo opciones autorizadas del catálogo; comprobar pertenencia y permisos en API.";"<select value={clientId} disabled={Boolean(row)} onChange={(event) => setClientId(event.target.value)} >"
"UI-0295";"app/client-admin/src/App.tsx";"8584";"RecurringPayoutModal";"input";"Concepto";"text (por defecto)";"{concept}";"";"";"true";"";"";"";"";"";"";"TEXT";"Texto plano Unicode con puntuación legítima; longitud por contrato, sin NUL/controles; saltos de línea solo donde corresponda; escapar al exportar/renderizar.";"<input value={concept} onChange={(event) => setConcept(event.target.value)} required />"
"UI-0296";"app/client-admin/src/App.tsx";"8592";"RecurringPayoutModal";"input";"Monto (RD$)";"""number""";"{amount}";"";"";"true";"""0.01""";"";"""0.01""";"";"";"";"MONEY";"Decimal positivo de hasta 2 posiciones; sin letras, exponente ni separadores de miles; convertir a centavos exactos; techo por operación.";"<input type=""number"" min=""0.01"" step=""0.01"" value={amount} onChange={(event) => setAmount(event.target.value)} required />"
"UI-0297";"app/client-admin/src/App.tsx";"8603";"RecurringPayoutModal";"select";"Frecuencia";"text (por defecto)";"{frequency}";"";"";"";"";"";"";"";"";"";"ENUM";"Solo opciones autorizadas del catálogo; comprobar pertenencia y permisos en API.";"<select value={frequency} onChange={(event) => setFrequency(event.target.value)} >"
"UI-0298";"app/client-admin/src/App.tsx";"8614";"RecurringPayoutModal";"input";"Próxima fecha";"""date""";"{nextRunDate}";"";"";"true";"";"";"";"";"";"";"DATE";"Fecha real YYYY-MM-DD y orden de rango; validar en API, no solo atributo date.";"<input type=""date"" value={nextRunDate} onChange={(event) => setNextRunDate(event.target.value)} required />"
"UI-0299";"app/client-admin/src/App.tsx";"8679";"CollectorDataModal";"input";"Cobrador:";"text (por defecto)";"{name}";"";"";"true";"";"";"";"";"";"";"NAME";"Texto Unicode legible: letras con acentos, números cuando sea nombre comercial/catálogo y puntuación legítima; límites por contrato; sin controles invisibles.";"<input value={name} onChange={(event) => setName(event.target.value)} required />"
"UI-0300";"app/client-admin/src/App.tsx";"8681";"CollectorDataModal";"input";"Ident.:";"text (por defecto)";"{ident}";"";"";"";"";"";"";"";"";"";"CODE";"Texto identificador: letras/números y separadores acordados (- _ . /); mantener ceros iniciales; no forzar UUID ni número a códigos legacy.";"<input value={ident} onChange={(event) => setIdent(event.target.value)} placeholder=""001-0000000-0"" />"
"UI-0301";"app/client-admin/src/App.tsx";"8682";"CollectorDataModal";"input";"Celular:";"text (por defecto)";"{cellular}";"";"";"";"";"";"";"";"";"";"PHONE";"Dígitos, + inicial, espacios, guiones y paréntesis; validar 8–15 dígitos tras normalización; vacío si opcional; máximo API 40.";"<input value={cellular} onChange={(event) => setCellular(event.target.value)} placeholder=""8095550000"" />"
"UI-0302";"app/client-admin/src/App.tsx";"8683";"CollectorDataModal";"select";"Cuenta vinculada:";"text (por defecto)";"{accountId}";"";"";"";"";"";"";"";"";"";"ENUM";"Solo opciones autorizadas del catálogo; comprobar pertenencia y permisos en API.";"<select value={accountId} onChange={(event) => setAccountId(event.target.value)}>"
"UI-0303";"app/client-admin/src/App.tsx";"8685";"CollectorDataModal";"input";"";"""checkbox""";"";"";"";"";"";"";"";"";"";"";"BOOL";"Solo booleano real; radios/checkboxes y validación API.";"<input type=""checkbox"" checked={active} onChange={(event) => setActive(event.target.checked)} />"
"UI-0304";"app/client-admin/src/App.tsx";"8740";"CollectorSubflowModal";"select";"Zona disponible";"text (por defecto)";"{selectedZone}";"";"";"";"";"";"";"";"";"";"ENUM";"Solo opciones autorizadas del catálogo; comprobar pertenencia y permisos en API.";"<select value={selectedZone} onChange={(event) => setSelectedZone(event.target.value)}>"
"UI-0305";"app/client-admin/src/App.tsx";"8741";"CollectorSubflowModal";"select";"Ruta disponible";"text (por defecto)";"{selectedRoute}";"";"";"";"";"";"";"";"";"";"ENUM";"Solo opciones autorizadas del catálogo; comprobar pertenencia y permisos en API.";"<select value={selectedRoute} onChange={(event) => setSelectedRoute(event.target.value)}>"
"UI-0306";"app/client-admin/src/App.tsx";"8742";"CollectorSubflowModal";"select";"Moneda";"text (por defecto)";"{abbr}";"";"";"";"";"";"";"";"";"";"ENUM";"Solo opciones autorizadas del catálogo; comprobar pertenencia y permisos en API.";"<select value={abbr} onChange={(event) => { const next = event.target.value; setAbbr(next); setCurrency(collectorCurrencyName(next)); }}>"
"UI-0307";"app/client-admin/src/App.tsx";"8742";"CollectorSubflowModal";"input";"Límite de Cobro";"""number""";"{collectionLimit}";"";"";"";"""0""";"";"""0.01""";"";"";"";"MONEY";"Decimal positivo de hasta 2 posiciones; sin letras, exponente ni separadores de miles; convertir a centavos exactos; techo por operación.";"<input type=""number"" min=""0"" step=""0.01"" value={collectionLimit} onChange={(event) => setCollectionLimit(event.target.value)} />"
"UI-0308";"app/client-admin/src/App.tsx";"8742";"CollectorSubflowModal";"input";"Límite de Pago";"""number""";"{payoutLimit}";"";"";"";"""0""";"";"""0.01""";"";"";"";"MONEY";"Decimal positivo de hasta 2 posiciones; sin letras, exponente ni separadores de miles; convertir a centavos exactos; techo por operación.";"<input type=""number"" min=""0"" step=""0.01"" value={payoutLimit} onChange={(event) => setPayoutLimit(event.target.value)} />"
"UI-0309";"app/client-admin/src/App.tsx";"8811";"ChargeDataModal";"input";"Código";"text (por defecto)";"{client?.code ?? """"}";"";"";"";"";"";"";"";"";"";"CODE";"Texto identificador: letras/números y separadores acordados (- _ . /); mantener ceros iniciales; no forzar UUID ni número a códigos legacy.";"<input value={client?.code ?? """"} onChange={(event) => { const found = snapshot.clients.find((item) => item.code === event.target.value || item.id === event.target.value); if (found) setClient(found); }} />"
"UI-0310";"app/client-admin/src/App.tsx";"8818";"ChargeDataModal";"input";"Nombre";"text (por defecto)";"{client?.name ?? """"}";"true";"true";"";"";"";"";"";"";"";"READONLY";"Valor calculado/servidor: no aceptar edición; recalcular/verificar en API.";"<input value={client?.name ?? """"} disabled readOnly />"
"UI-0311";"app/client-admin/src/App.tsx";"8824";"ChargeDataModal";"select";"Moneda";"text (por defecto)";"{currency}";"";"";"";"";"";"";"";"";"";"ENUM";"Solo opciones autorizadas del catálogo; comprobar pertenencia y permisos en API.";"<select value={currency} onChange={(event) => setCurrency(event.target.value)}>"
"UI-0312";"app/client-admin/src/App.tsx";"8825";"ChargeDataModal";"select";"Servicio";"text (por defecto)";"{service}";"";"";"";"";"";"";"";"";"";"ENUM";"Solo opciones autorizadas del catálogo; comprobar pertenencia y permisos en API.";"<select value={service} onChange={(event) => setService(event.target.value)}>"
"UI-0313";"app/client-admin/src/App.tsx";"8826";"ChargeDataModal";"input";"Concepto";"text (por defecto)";"{concept}";"";"";"true";"";"";"";"";"";"";"TEXT";"Texto plano Unicode con puntuación legítima; longitud por contrato, sin NUL/controles; saltos de línea solo donde corresponda; escapar al exportar/renderizar.";"<input value={concept} onChange={(event) => setConcept(event.target.value)} required />"
"UI-0314";"app/client-admin/src/App.tsx";"8829";"ChargeDataModal";"input";"Monto Base";"""number""";"{base}";"";"";"true";"""0.01""";"";"""0.01""";"";"";"";"DECIMAL";"Decimal no negativo con precisión y máximo del dominio; no imponer precisión monetaria a tasas.";"<input type=""number"" min=""0.01"" step=""0.01"" value={base} onChange={(event) => setBase(event.target.value)} required />"
"UI-0315";"app/client-admin/src/App.tsx";"8830";"ChargeDataModal";"input";"Tasa/Multiplicador";"""number""";"{rate}";"";"";"true";"""0.01""";"";"""0.01""";"";"";"";"DECIMAL";"Decimal no negativo con precisión y máximo del dominio; no imponer precisión monetaria a tasas.";"<input type=""number"" min=""0.01"" step=""0.01"" value={rate} onChange={(event) => setRate(event.target.value)} required />"
"UI-0316";"app/client-admin/src/App.tsx";"8831";"ChargeDataModal";"input";"Total Calculado";"text (por defecto)";"{(total / 100).toFixed(2)}";"true";"true";"";"";"";"";"";"";"";"READONLY";"Valor calculado/servidor: no aceptar edición; recalcular/verificar en API.";"<input value={(total / 100).toFixed(2)} readOnly disabled />"
"UI-0317";"app/client-admin/src/App.tsx";"8833";"ChargeDataModal";"textarea";"Nota";"text (por defecto)";"{note}";"";"";"";"";"";"";"";"";"";"TEXT";"Texto plano Unicode con puntuación legítima; longitud por contrato, sin NUL/controles; saltos de línea solo donde corresponda; escapar al exportar/renderizar.";"<textarea value={note} onChange={(event) => setNote(event.target.value)} placeholder=""Nota libre del cargo"" />"
"UI-0318";"app/client-admin/src/App.tsx";"8933";"CollectionScopeSelectorDialog";"input";"{allLabel}";"""radio""";"";"";"";"";"";"";"";"";"";"";"BOOL";"Solo booleano real; radios/checkboxes y validación API.";"<input type=""radio"" name={`scope-${title}`} checked={scope === ""all""} onChange={() => setScope(""all"")} />"
"UI-0319";"app/client-admin/src/App.tsx";"8934";"CollectionScopeSelectorDialog";"input";"{currentLabel}";"""radio""";"";"";"{!hasCurrent}";"";"";"";"";"";"";"";"BOOL";"Solo booleano real; radios/checkboxes y validación API.";"<input type=""radio"" name={`scope-${title}`} checked={scope === ""current""} disabled={!hasCurrent} onChange={() => setScope(""current"")} />"
"UI-0320";"app/client-admin/src/App.tsx";"8963";"MovementCancellationDialog";"input";"Motivo:";"text (por defecto)";"{reason}";"";"{request.locked}";"true";"";"";"";"{500}";"";"";"TEXT";"Texto plano Unicode con puntuación legítima; longitud por contrato, sin NUL/controles; saltos de línea solo donde corresponda; escapar al exportar/renderizar.";"<input autoFocus required maxLength={500} disabled={request.locked} value={reason} onChange={(event) => { setReason(event.target.value); setValidation(""""); }} />"
"UI-0321";"app/client-admin/src/App.tsx";"9105";"CollectionReceiptDialog";"input";"Doc:";"text (por defecto)";"""Nuevo""";"true";"";"";"";"";"";"";"";"";"READONLY";"Valor calculado/servidor: no aceptar edición; recalcular/verificar en API.";"<input value=""Nuevo"" title=""El número se asigna al guardar"" readOnly />"
"UI-0322";"app/client-admin/src/App.tsx";"9105";"CollectionReceiptDialog";"input";"Fecha:";"""date""";"{snapshot.businessDate}";"true";"";"";"";"";"";"";"";"";"READONLY";"Valor calculado/servidor: no aceptar edición; recalcular/verificar en API.";"<input type=""date"" value={snapshot.businessDate} readOnly />"
"UI-0323";"app/client-admin/src/App.tsx";"9105";"CollectionReceiptDialog";"select";"Moneda:";"text (por defecto)";"{currency}";"";"";"";"";"";"";"";"";"";"ENUM";"Solo opciones autorizadas del catálogo; comprobar pertenencia y permisos en API.";"<select value={currency} onChange={(event) => { setCurrency(event.target.value); setLines([]); setSelectedLineId(""""); setChargePickerOpen(false); setEditingLine(null); }}>"
"UI-0324";"app/client-admin/src/App.tsx";"9106";"CollectionReceiptDialog";"input";"";"text (por defecto)";"{clientCode}";"";"";"";"";"";"";"";"";"";"CODE";"Texto identificador: letras/números y separadores acordados (- _ . /); mantener ceros iniciales; no forzar UUID ni número a códigos legacy.";"<input id=""receipt-client-code"" autoFocus value={clientCode} onChange={(event) => resolveClientCode(event.target.value)} />"
"UI-0325";"app/client-admin/src/App.tsx";"9106";"CollectionReceiptDialog";"input";"""Nombre del cliente""";"text (por defecto)";"{client?.name ?? """"}";"true";"";"";"";"";"";"";"";"";"READONLY";"Valor calculado/servidor: no aceptar edición; recalcular/verificar en API.";"<input value={client?.name ?? """"} readOnly aria-label=""Nombre del cliente"" />"
"UI-0326";"app/client-admin/src/App.tsx";"9107";"CollectionReceiptDialog";"input";"";"text (por defecto)";"{collector?.name ?? ""Sin cobrador asignado""}";"true";"";"";"";"";"";"";"";"";"READONLY";"Valor calculado/servidor: no aceptar edición; recalcular/verificar en API.";"<input id=""receipt-collector"" value={collector?.name ?? ""Sin cobrador asignado""} readOnly />"
"UI-0327";"app/client-admin/src/App.tsx";"9108";"CollectionReceiptDialog";"input";"";"text (por defecto)";"""Efectivo · registrado desde central""";"true";"";"";"";"";"";"";"";"";"READONLY";"Valor calculado/servidor: no aceptar edición; recalcular/verificar en API.";"<input id=""receipt-payment-form"" value=""Efectivo · registrado desde central"" readOnly />"
"UI-0328";"app/client-admin/src/App.tsx";"9119";"CollectionReceiptDialog";"input";"Total:";"text (por defecto)";"{nativeMoney(total, currency)}";"true";"";"";"";"";"";"";"";"";"READONLY";"Valor calculado/servidor: no aceptar edición; recalcular/verificar en API.";"<input value={nativeMoney(total, currency)} readOnly aria-label=""Total del recibo"" />"
"UI-0329";"app/client-admin/src/App.tsx";"9177";"ModifyReceiptAmountDialog";"input";"Importe:";"""number""";"{amount}";"";"";"";"""0.01""";"";"""0.01""";"";"";"";"MONEY";"Decimal positivo de hasta 2 posiciones; sin letras, exponente ni separadores de miles; convertir a centavos exactos; techo por operación.";"<input autoFocus type=""number"" min=""0.01"" step=""0.01"" value={amount} onChange={(event) => setAmount(event.target.value)} />"
"UI-0330";"app/client-admin/src/App.tsx";"9192";"ClientSearchSubmodal";"input";"Digite:";"text (por defecto)";"{query}";"";"";"";"";"";"";"";"";"";"SEARCH";"Texto de búsqueda acotado; mantener símbolos legítimos; filtrar/parametrizar como valor, no como SQL.";"<input autoFocus value={query} onChange={(event) => setQuery(event.target.value)} />"
"UI-0331";"app/client-admin/src/App.tsx";"9299";"QuickRecordModal";"input";"{isClient ? ""Nombre"" : ""Concepto""}";"text (por defecto)";"{name}";"";"";"true";"";"";"";"";"";"";"NAME";"Texto Unicode legible: letras con acentos, números cuando sea nombre comercial/catálogo y puntuación legítima; límites por contrato; sin controles invisibles.";"<input value={name} onChange={(event) => setName(event.target.value)} required />"
"UI-0332";"app/client-admin/src/App.tsx";"9309";"QuickRecordModal";"input";"Teléfono";"text (por defecto)";"{phone}";"";"";"";"";"";"";"";"";"";"PHONE";"Dígitos, + inicial, espacios, guiones y paréntesis; validar 8–15 dígitos tras normalización; vacío si opcional; máximo API 40.";"<input value={phone} onChange={(event) => setPhone(event.target.value)} placeholder=""8095550000"" />"
"UI-0333";"app/client-admin/src/App.tsx";"9313";"QuickRecordModal";"input";"Celular";"text (por defecto)";"{cellular}";"";"";"";"";"";"";"";"";"";"PHONE";"Dígitos, + inicial, espacios, guiones y paréntesis; validar 8–15 dígitos tras normalización; vacío si opcional; máximo API 40.";"<input value={cellular} onChange={(event) => setCellular(event.target.value)} placeholder=""8095550000"" />"
"UI-0334";"app/client-admin/src/App.tsx";"9317";"QuickRecordModal";"input";"Alias";"text (por defecto)";"{alias}";"";"";"";"";"";"";"";"";"";"NAME";"Texto Unicode legible: letras con acentos, números cuando sea nombre comercial/catálogo y puntuación legítima; límites por contrato; sin controles invisibles.";"<input value={alias} onChange={(event) => setAlias(event.target.value)} />"
"UI-0335";"app/client-admin/src/App.tsx";"9321";"QuickRecordModal";"input";"Sector/Zona";"text (por defecto)";"{sector}";"";"";"";"";"";"";"";"";"";"NAME";"Texto Unicode legible: letras con acentos, números cuando sea nombre comercial/catálogo y puntuación legítima; límites por contrato; sin controles invisibles.";"<input value={sector} onChange={(event) => setSector(event.target.value)} />"
"UI-0336";"app/client-admin/src/App.tsx";"9325";"QuickRecordModal";"input";"Email";"""email""";"{email}";"";"";"";"";"";"";"";"";"";"EMAIL";"Validar correo completo; admite @ . + _ y símbolos válidos; opcional vacío si contrato lo permite; máximo API 200.";"<input type=""email"" value={email} onChange={(event) => setEmail(event.target.value)} />"
"UI-0337";"app/client-admin/src/App.tsx";"9329";"QuickRecordModal";"input";"Dirección";"text (por defecto)";"{address}";"";"";"";"";"";"";"";"";"";"TEXT";"Texto plano Unicode con puntuación legítima; longitud por contrato, sin NUL/controles; saltos de línea solo donde corresponda; escapar al exportar/renderizar.";"<input value={address} onChange={(event) => setAddress(event.target.value)} />"
"UI-0338";"app/client-admin/src/App.tsx";"9333";"QuickRecordModal";"select";"Ruta";"text (por defecto)";"{routeId}";"";"";"";"";"";"";"";"";"";"ENUM";"Solo opciones autorizadas del catálogo; comprobar pertenencia y permisos en API.";"<select value={routeId} onChange={(event) => setRouteId(event.target.value)}>"
"UI-0339";"app/client-admin/src/App.tsx";"9343";"QuickRecordModal";"textarea";"Nota";"text (por defecto)";"{note}";"";"";"";"";"";"";"";"";"";"TEXT";"Texto plano Unicode con puntuación legítima; longitud por contrato, sin NUL/controles; saltos de línea solo donde corresponda; escapar al exportar/renderizar.";"<textarea value={note} onChange={(event) => setNote(event.target.value)} />"
"UI-0340";"app/client-admin/src/App.tsx";"9351";"QuickRecordModal";"select";"Cliente";"text (por defecto)";"{clientId}";"";"";"";"";"";"";"";"";"";"ENUM";"Solo opciones autorizadas del catálogo; comprobar pertenencia y permisos en API.";"<select value={clientId} onChange={(event) => setClientId(event.target.value)} >"
"UI-0341";"app/client-admin/src/App.tsx";"9364";"QuickRecordModal";"select";"Cobrador";"text (por defecto)";"{collectorId}";"";"";"";"";"";"";"";"";"";"ENUM";"Solo opciones autorizadas del catálogo; comprobar pertenencia y permisos en API.";"<select value={collectorId} onChange={(event) => setCollectorId(event.target.value)} >"
"UI-0342";"app/client-admin/src/App.tsx";"9377";"QuickRecordModal";"input";"Monto (RD$)";"""number""";"{amount}";"";"";"true";"""0.01""";"";"""0.01""";"";"";"";"MONEY";"Decimal positivo de hasta 2 posiciones; sin letras, exponente ni separadores de miles; convertir a centavos exactos; techo por operación.";"<input type=""number"" min=""0.01"" step=""0.01"" value={amount} onChange={(event) => setAmount(event.target.value)} required />"
"UI-0343";"app/client-admin/src/App.tsx";"9475";"LegacyTable";"input";"{column.label}";"""checkbox""";"";"";"";"";"";"";"";"";"";"";"BOOL";"Solo booleano real; radios/checkboxes y validación API.";"<input type=""checkbox"" checked={!hiddenCols.includes(column.key)} onChange={(event) => setHiddenCols((current) => event.target.checked ? current.filter((k) => k !== column.key) : [...current, column.key], ) } />"
"UI-0344";"app/client-admin/src/App.tsx";"10220";"FinancialMonitorView";"input";"Auto.";"""checkbox""";"";"";"";"";"";"";"";"";"";"";"BOOL";"Solo booleano real; radios/checkboxes y validación API.";"<input type=""checkbox"" checked={auto} onChange={(event) => setAuto(event.target.checked)} />"
"UI-0345";"app/client-admin/src/App.tsx";"10221";"FinancialMonitorView";"input";"""Tiempo de refresco en segundos""";"""number""";"{seconds}";"";"";"";"""1""";"""3600""";"";"";"";"";"INT";"Solo entero dentro de rango; sin decimales, letras, exponentes ni signos no autorizados.";"<input className=""collector-monitor-seconds"" aria-label=""Tiempo de refresco en segundos"" type=""number"" min=""1"" max=""3600"" value={seconds} onChange={(event) => setSeconds(event.target.value)} />"
"UI-0346";"app/client-admin/src/App.tsx";"10223";"FinancialMonitorView";"select";"";"text (por defecto)";"{currency}";"";"";"";"";"";"";"";"";"";"ENUM";"Solo opciones autorizadas del catálogo; comprobar pertenencia y permisos en API.";"<select id=""collector-monitor-currency"" value={currency} onChange={(event) => setCurrency(event.target.value)}>"
"UI-0347";"app/client-admin/src/App.tsx";"10331";"MapMonitorView";"input";"{"" ""} Auto.";"""checkbox""";"";"";"";"";"";"";"";"";"";"";"BOOL";"Solo booleano real; radios/checkboxes y validación API.";"<input type=""checkbox"" checked={auto} onChange={(event) => setAuto(event.target.checked)} />"
"UI-0348";"app/client-admin/src/App.tsx";"10340";"MapMonitorView";"input";"Refresco {"" ""} {"" ""} seg.";"text (por defecto)";"{seconds}";"";"";"";"";"";"";"";"";"""numeric""";"INT";"Solo entero dentro de rango; sin decimales, letras, exponentes ni signos no autorizados.";"<input value={seconds} onChange={(event) => setSeconds(event.target.value)} inputMode=""numeric"" />"
"UI-0349";"app/client-admin/src/App.tsx";"10349";"MapMonitorView";"select";"Moneda {"" ""}";"text (por defecto)";"{currency}";"";"";"";"";"";"";"";"";"";"ENUM";"Solo opciones autorizadas del catálogo; comprobar pertenencia y permisos en API.";"<select value={currency} onChange={(event) => setCurrency(event.target.value)} >"
"UI-0350";"app/client-admin/src/App.tsx";"10360";"MapMonitorView";"input";"{`Buscar en ${title}`}";"text (por defecto)";"{query}";"";"";"";"";"";"";"";"";"";"SEARCH";"Texto de búsqueda acotado; mantener símbolos legítimos; filtrar/parametrizar como valor, no como SQL.";"<input aria-label={`Buscar en ${title}`} placeholder={ page === ""monitorCollectors"" ? ""Buscar cobrador..."" : page === ""monitorZones"" ? ""Buscar zona..."" : ""Buscar ruta..."" } value={query} onChange={(event) => setQuery(event.target.value)} />"
"UI-0351";"app/client-admin/src/App.tsx";"10958";"DailySettlementsView";"input";"Fecha Inicial:";"""date""";"{fromDate}";"";"";"";"";"";"";"";"";"";"DATE";"Fecha real YYYY-MM-DD y orden de rango; validar en API, no solo atributo date.";"<input type=""date"" value={fromDate} onChange={(event) => setFromDate(event.target.value)} />"
"UI-0352";"app/client-admin/src/App.tsx";"10959";"DailySettlementsView";"input";"Fecha Final:";"""date""";"{toDate}";"";"";"";"";"";"";"";"";"";"DATE";"Fecha real YYYY-MM-DD y orden de rango; validar en API, no solo atributo date.";"<input type=""date"" value={toDate} onChange={(event) => setToDate(event.target.value)} />"
"UI-0353";"app/client-admin/src/App.tsx";"10960";"DailySettlementsView";"select";"Moneda:";"text (por defecto)";"{currency}";"";"";"";"";"";"";"";"";"";"ENUM";"Solo opciones autorizadas del catálogo; comprobar pertenencia y permisos en API.";"<select value={currency} onChange={(event) => setCurrency(event.target.value)}>"
"UI-0354";"app/client-admin/src/App.tsx";"10986";"DailySettlementsView";"input";"Valor:";"""date""";"{dateDraft}";"";"";"";"";"";"";"";"";"";"DATE";"Fecha real YYYY-MM-DD y orden de rango; validar en API, no solo atributo date.";"<input type=""date"" value={dateDraft} onChange={(event) => setDateDraft(event.target.value)} />"
"UI-0355";"app/client-admin/src/App.tsx";"10993";"DailySettlementsView";"input";"Fecha:";"""date""";"{balanceDraft.date}";"";"";"";"";"";"";"";"";"";"DATE";"Fecha real YYYY-MM-DD y orden de rango; validar en API, no solo atributo date.";"<input type=""date"" value={balanceDraft.date} onChange={(event) => updateDraft(""date"", event.target.value)} />"
"UI-0356";"app/client-admin/src/App.tsx";"10993";"DailySettlementsView";"select";"Moneda:";"text (por defecto)";"{balanceDraft.currency}";"";"";"";"";"";"";"";"";"";"ENUM";"Solo opciones autorizadas del catálogo; comprobar pertenencia y permisos en API.";"<select value={balanceDraft.currency} onChange={(event) => updateDraft(""currency"", event.target.value)}>"
"UI-0357";"app/client-admin/src/App.tsx";"10995";"DailySettlementsView";"input";"";"""number""";"{balanceDraft.cashOpening}";"";"";"";"";"";"""0.01""";"";"";"";"MONEY";"Decimal positivo de hasta 2 posiciones; sin letras, exponente ni separadores de miles; convertir a centavos exactos; techo por operación.";"<input type=""number"" step=""0.01"" value={balanceDraft.cashOpening} onChange={(event) => updateDraft(""cashOpening"", event.target.value)} />"
"UI-0358";"app/client-admin/src/App.tsx";"10995";"DailySettlementsView";"input";"";"""number""";"{balanceDraft.checkOpening}";"";"";"";"";"";"""0.01""";"";"";"";"MONEY";"Decimal positivo de hasta 2 posiciones; sin letras, exponente ni separadores de miles; convertir a centavos exactos; techo por operación.";"<input type=""number"" step=""0.01"" value={balanceDraft.checkOpening} onChange={(event) => updateDraft(""checkOpening"", event.target.value)} />"
"UI-0359";"app/client-admin/src/App.tsx";"10996";"DailySettlementsView";"input";"";"""number""";"{balanceDraft.cashIncome}";"";"";"";"";"";"""0.01""";"";"";"";"MONEY";"Decimal positivo de hasta 2 posiciones; sin letras, exponente ni separadores de miles; convertir a centavos exactos; techo por operación.";"<input type=""number"" step=""0.01"" value={balanceDraft.cashIncome} onChange={(event) => updateDraft(""cashIncome"", event.target.value)} />"
"UI-0360";"app/client-admin/src/App.tsx";"10996";"DailySettlementsView";"input";"";"""number""";"{balanceDraft.checkIncome}";"";"";"";"";"";"""0.01""";"";"";"";"MONEY";"Decimal positivo de hasta 2 posiciones; sin letras, exponente ni separadores de miles; convertir a centavos exactos; techo por operación.";"<input type=""number"" step=""0.01"" value={balanceDraft.checkIncome} onChange={(event) => updateDraft(""checkIncome"", event.target.value)} />"
"UI-0361";"app/client-admin/src/App.tsx";"10997";"DailySettlementsView";"input";"";"""number""";"{balanceDraft.cashExpenses}";"";"";"";"";"";"""0.01""";"";"";"";"MONEY";"Decimal positivo de hasta 2 posiciones; sin letras, exponente ni separadores de miles; convertir a centavos exactos; techo por operación.";"<input type=""number"" step=""0.01"" value={balanceDraft.cashExpenses} onChange={(event) => updateDraft(""cashExpenses"", event.target.value)} />"
"UI-0362";"app/client-admin/src/App.tsx";"10997";"DailySettlementsView";"input";"";"""number""";"{balanceDraft.checkExpenses}";"";"";"";"";"";"""0.01""";"";"";"";"MONEY";"Decimal positivo de hasta 2 posiciones; sin letras, exponente ni separadores de miles; convertir a centavos exactos; techo por operación.";"<input type=""number"" step=""0.01"" value={balanceDraft.checkExpenses} onChange={(event) => updateDraft(""checkExpenses"", event.target.value)} />"
"UI-0363";"app/client-admin/src/App.tsx";"10998";"DailySettlementsView";"input";"";"text (por defecto)";"{settlementMoney(draftSectionTotal(""cash""), balanceDraft.currency)}";"true";"";"";"";"";"";"";"";"";"READONLY";"Valor calculado/servidor: no aceptar edición; recalcular/verificar en API.";"<input value={settlementMoney(draftSectionTotal(""cash""), balanceDraft.currency)} readOnly />"
"UI-0364";"app/client-admin/src/App.tsx";"10998";"DailySettlementsView";"input";"";"text (por defecto)";"{settlementMoney(draftSectionTotal(""check""), balanceDraft.currency)}";"true";"";"";"";"";"";"";"";"";"READONLY";"Valor calculado/servidor: no aceptar edición; recalcular/verificar en API.";"<input value={settlementMoney(draftSectionTotal(""check""), balanceDraft.currency)} readOnly />"
"UI-0365";"app/client-admin/src/App.tsx";"10999";"DailySettlementsView";"input";"";"""number""";"{balanceDraft.cashFinal}";"";"";"";"";"";"""0.01""";"";"";"";"MONEY";"Decimal positivo de hasta 2 posiciones; sin letras, exponente ni separadores de miles; convertir a centavos exactos; techo por operación.";"<input type=""number"" step=""0.01"" value={balanceDraft.cashFinal} onChange={(event) => updateDraft(""cashFinal"", event.target.value)} />"
"UI-0366";"app/client-admin/src/App.tsx";"10999";"DailySettlementsView";"input";"";"""number""";"{balanceDraft.checkFinal}";"";"";"";"";"";"""0.01""";"";"";"";"MONEY";"Decimal positivo de hasta 2 posiciones; sin letras, exponente ni separadores de miles; convertir a centavos exactos; techo por operación.";"<input type=""number"" step=""0.01"" value={balanceDraft.checkFinal} onChange={(event) => updateDraft(""checkFinal"", event.target.value)} />"
"UI-0367";"app/client-admin/src/App.tsx";"11000";"DailySettlementsView";"input";"";"text (por defecto)";"{settlementMoney(draftSectionBalance(""cash""), balanceDraft.currency)}";"true";"";"";"";"";"";"";"";"";"READONLY";"Valor calculado/servidor: no aceptar edición; recalcular/verificar en API.";"<input value={settlementMoney(draftSectionBalance(""cash""), balanceDraft.currency)} readOnly />"
"UI-0368";"app/client-admin/src/App.tsx";"11000";"DailySettlementsView";"input";"";"text (por defecto)";"{settlementMoney(draftSectionBalance(""check""), balanceDraft.currency)}";"true";"";"";"";"";"";"";"";"";"READONLY";"Valor calculado/servidor: no aceptar edición; recalcular/verificar en API.";"<input value={settlementMoney(draftSectionBalance(""check""), balanceDraft.currency)} readOnly />"
"UI-0369";"app/client-admin/src/App.tsx";"11001";"DailySettlementsView";"input";"Nota:";"text (por defecto)";"{balanceDraft.note}";"";"";"";"";"";"";"";"";"";"TEXT";"Texto plano Unicode con puntuación legítima; longitud por contrato, sin NUL/controles; saltos de línea solo donde corresponda; escapar al exportar/renderizar.";"<input value={balanceDraft.note} onChange={(event) => updateDraft(""note"", event.target.value)} />"
"UI-0370";"app/client-admin/src/App.tsx";"11007";"DailySettlementsView";"input";"";"""number""";"{denominationCounts[denomination] ?? """"}";"";"";"";"""0""";"";"""1""";"";"";"";"INT";"Solo entero dentro de rango; sin decimales, letras, exponentes ni signos no autorizados.";"<input type=""number"" min=""0"" step=""1"" value={denominationCounts[denomination] ?? """"} onChange={(event) => setDenominationCounts((current) => ({ ...current, [denomination]: event.target.value }))} />"
"UI-0371";"app/client-admin/src/App.tsx";"11007";"DailySettlementsView";"input";"Total:";"text (por defecto)";"{settlementMoney(denominationTotal, balanceDraft.currency)}";"true";"";"";"";"";"";"";"";"";"READONLY";"Valor calculado/servidor: no aceptar edición; recalcular/verificar en API.";"<input value={settlementMoney(denominationTotal, balanceDraft.currency)} readOnly />"
"UI-0372";"app/client-admin/src/App.tsx";"11173";"Routes";"select";"""Filtrar estado de cobrador""";"text (por defecto)";"{filter}";"";"";"";"";"";"";"";"";"";"ENUM";"Solo opciones autorizadas del catálogo; comprobar pertenencia y permisos en API.";"<select aria-label=""Filtrar estado de cobrador"" value={filter} onChange={(event) => setFilter(event.target.value)} >"
"UI-0373";"app/client-admin/src/App.tsx";"11292";"Movements";"input";"""Buscar movimiento""";"text (por defecto)";"{search}";"";"";"";"";"";"";"";"";"";"SEARCH";"Texto de búsqueda acotado; mantener símbolos legítimos; filtrar/parametrizar como valor, no como SQL.";"<input aria-label=""Buscar movimiento"" placeholder=""Cliente, cobrador o referencia…"" value={search} onChange={(event) => setSearch(event.target.value)} />"
"UI-0374";"app/client-admin/src/App.tsx";"11301";"Movements";"select";"""Tipo de movimiento""";"text (por defecto)";"{type}";"";"";"";"";"";"";"";"";"";"ENUM";"Solo opciones autorizadas del catálogo; comprobar pertenencia y permisos en API.";"<select aria-label=""Tipo de movimiento"" value={type} onChange={(event) => setType(event.target.value)} >"
"UI-0375";"app/client-admin/src/CollectorAssignmentsDialog.tsx";"86";"LimitPicker";"select";"Moneda:";"text (por defecto)";"{currency}";"";"";"";"";"";"";"";"";"";"ENUM";"Solo opciones autorizadas del catálogo; comprobar pertenencia y permisos en API.";"<select autoFocus value={currency} onChange={(event) => changeCurrency(event.target.value)}>"
"UI-0376";"app/client-admin/src/CollectorAssignmentsDialog.tsx";"87";"LimitPicker";"input";"Lím. de Cobro:";"""text""";"{collectionLimit}";"";"";"";"";"";"";"";"";"""decimal""";"MONEY";"Decimal positivo de hasta 2 posiciones; sin letras, exponente ni separadores de miles; convertir a centavos exactos; techo por operación.";"<input type=""text"" inputMode=""decimal"" value={collectionLimit} onChange={(event) => setCollectionLimit(event.target.value)} />"
"UI-0377";"app/client-admin/src/CollectorAssignmentsDialog.tsx";"88";"LimitPicker";"input";"Lím. de Pago:";"""text""";"{payoutLimit}";"";"";"";"";"";"";"";"";"""decimal""";"MONEY";"Decimal positivo de hasta 2 posiciones; sin letras, exponente ni separadores de miles; convertir a centavos exactos; techo por operación.";"<input type=""text"" inputMode=""decimal"" value={payoutLimit} onChange={(event) => setPayoutLimit(event.target.value)} />"
"UI-0378";"app/client-admin/src/CollectorAssignmentsDialog.tsx";"152";"CollectorAssignmentsDialog";"input";"Página de {pageCount}";"""number""";"{currentPage}";"";"";"";"{1}";"{pageCount}";"";"";"";"";"INT";"Solo entero dentro de rango; sin decimales, letras, exponentes ni signos no autorizados.";"<input aria-label=""Página"" type=""number"" min={1} max={pageCount} value={currentPage} onChange={(event) => goToPage(Number(event.target.value) || 1)} />"
"UI-0379";"app/client-admin/src/ConnectedAdminTools.tsx";"180";"input";"input";"{fieldFor(key)?.label ?? key}";"text (por defecto)";"{String(draft[key] ?? """")}";"";"{locked}";"{fieldFor(key)?.required}";"";"";"";"{fieldFor(key)?.maxLength ?? 160}";"";"";"DYNAMIC";"Control genérico/condicional: aplicar política del descriptor o rama activa; no usar una regla única para todos los campos.";"<input aria-label={fieldFor(key)?.label ?? key} className={className} autoFocus={autoFocus} value={String(draft[key] ?? """")} required={fieldFor(key)?.required} maxLength={fieldFor(key)?.maxLength ?? 160} disabled={locked} onChange={(event) => updateDraft(key, event.target.value)} />"
"UI-0380";"app/client-admin/src/ConnectedAdminTools.tsx";"181";"selectInput";"select";"{fieldFor(key)?.label ?? key}";"text (por defecto)";"{String(draft[key] ?? """")}";"";"{locked}";"{fieldFor(key)?.required}";"";"";"";"";"";"";"ENUM";"Solo opciones autorizadas del catálogo; comprobar pertenencia y permisos en API.";"<select aria-label={fieldFor(key)?.label ?? key} value={String(draft[key] ?? """")} required={fieldFor(key)?.required} disabled={locked} onChange={(event) => updateDraft(key, event.target.value)}>"
"UI-0381";"app/client-admin/src/ConnectedAdminTools.tsx";"182";"check";"input";"{label}";"""checkbox""";"";"";"{locked}";"";"";"";"";"";"";"";"BOOL";"Solo booleano real; radios/checkboxes y validación API.";"<input type=""checkbox"" checked={Boolean(draft[key])} disabled={locked} onChange={(event) => updateDraft(key, event.target.checked)} />"
"UI-0382";"app/client-admin/src/ConnectedAdminTools.tsx";"185";"ConnectedAdminTools";"input";"Buscar:";"text (por defecto)";"{filter.q}";"";"";"";"";"";"";"{160}";"";"";"SEARCH";"Texto de búsqueda acotado; mantener símbolos legítimos; filtrar/parametrizar como valor, no como SQL.";"<input aria-label=""Buscar"" value={filter.q} maxLength={160} onChange={(event) => updateFilter(""q"", event.target.value)} />"
"UI-0383";"app/client-admin/src/ConnectedAdminTools.tsx";"209";"ConnectedAdminTools";"input";"";"""radio""";"";"";"";"";"";"";"";"";"";"";"BOOL";"Solo booleano real; radios/checkboxes y validación API.";"<input type=""radio"" name={instanceId + ""-group""} checked={!groupFilter} onChange={() => setGroupFilter("""")} />"
"UI-0384";"app/client-admin/src/ConnectedAdminTools.tsx";"210";"ConnectedAdminTools";"input";"";"""radio""";"";"";"{!groups.length}";"";"";"";"";"";"";"";"BOOL";"Solo booleano real; radios/checkboxes y validación API.";"<input type=""radio"" name={instanceId + ""-group""} checked={Boolean(groupFilter)} disabled={!groups.length} onChange={() => setGroupFilter(groups[0]?.id ?? """")} />"
"UI-0385";"app/client-admin/src/ConnectedAdminTools.tsx";"211";"ConnectedAdminTools";"select";"""Grupo de PCP""";"text (por defecto)";"{groupFilter}";"";"";"";"";"";"";"";"";"";"ENUM";"Solo opciones autorizadas del catálogo; comprobar pertenencia y permisos en API.";"<select aria-label=""Grupo de PCP"" value={groupFilter} onChange={(event) => setGroupFilter(event.target.value)}>"
"UI-0386";"app/client-admin/src/ConnectedAdminTools.tsx";"214";"ConnectedAdminTools";"input";"";"""radio""";"";"";"";"";"";"";"";"";"";"";"BOOL";"Solo booleano real; radios/checkboxes y validación API.";"<input type=""radio"" name={instanceId + ""-user""} checked={!userFilter} onChange={() => setUserFilter(false)} />"
"UI-0387";"app/client-admin/src/ConnectedAdminTools.tsx";"214";"ConnectedAdminTools";"input";"";"""radio""";"";"";"";"";"";"";"";"";"";"";"BOOL";"Solo booleano real; radios/checkboxes y validación API.";"<input type=""radio"" name={instanceId + ""-user""} checked={userFilter} onChange={() => setUserFilter(true)} />"
"UI-0388";"app/client-admin/src/ConnectedAdminTools.tsx";"214";"ConnectedAdminTools";"input";"""Buscar usuario""";"text (por defecto)";"{filter.q}";"";"{!userFilter}";"";"";"";"";"{160}";"";"";"SEARCH";"Texto de búsqueda acotado; mantener símbolos legítimos; filtrar/parametrizar como valor, no como SQL.";"<input aria-label=""Buscar usuario"" value={filter.q} disabled={!userFilter} maxLength={160} onChange={(event) => updateFilter(""q"", event.target.value)} />"
"UI-0389";"app/client-admin/src/ConnectedAdminTools.tsx";"215";"ConnectedAdminTools";"input";"Fecha Inicial:";"""date""";"{filter.from}";"";"";"";"";"";"";"";"";"";"DATE";"Fecha real YYYY-MM-DD y orden de rango; validar en API, no solo atributo date.";"<input type=""date"" value={filter.from} onChange={(event) => updateFilter(""from"", event.target.value)} />"
"UI-0390";"app/client-admin/src/ConnectedAdminTools.tsx";"216";"ConnectedAdminTools";"input";"Fecha Final:";"""date""";"{filter.to}";"";"";"";"";"";"";"";"";"";"DATE";"Fecha real YYYY-MM-DD y orden de rango; validar en API, no solo atributo date.";"<input type=""date"" value={filter.to} onChange={(event) => updateFilter(""to"", event.target.value)} />"
"UI-0391";"app/client-admin/src/ConnectedAdminTools.tsx";"217";"ConnectedAdminTools";"select";"Estado:";"text (por defecto)";"{filter.status}";"";"";"";"";"";"";"";"";"";"ENUM";"Solo opciones autorizadas del catálogo; comprobar pertenencia y permisos en API.";"<select value={filter.status} onChange={(event) => updateFilter(""status"", event.target.value)}>"
"UI-0392";"app/client-admin/src/ConnectedAdminTools.tsx";"218";"ConnectedAdminTools";"input";"{page === ""authorizationRequests"" ? ""Cliente:"" : ""Buscar:""}";"text (por defecto)";"{filter.q}";"";"";"";"";"";"";"{160}";"";"";"SEARCH";"Texto de búsqueda acotado; mantener símbolos legítimos; filtrar/parametrizar como valor, no como SQL.";"<input value={filter.q} maxLength={160} onChange={(event) => updateFilter(""q"", event.target.value)} />"
"UI-0393";"app/client-admin/src/ConnectedAdminTools.tsx";"244";"ConnectedAdminTools";"input";"Fecha:";"text (por defecto)";"{dateTime(dialog.row.createdAt)}";"true";"";"";"";"";"";"";"";"";"READONLY";"Valor calculado/servidor: no aceptar edición; recalcular/verificar en API.";"<input readOnly value={dateTime(dialog.row.createdAt)} />"
"UI-0394";"app/client-admin/src/ConnectedAdminTools.tsx";"244";"ConnectedAdminTools";"input";"Estado:";"text (por defecto)";"{states[value(dialog.row, ""status"")] ?? value(dialog.row, ""status"")}";"true";"";"";"";"";"";"";"";"";"READONLY";"Valor calculado/servidor: no aceptar edición; recalcular/verificar en API.";"<input readOnly value={states[value(dialog.row, ""status"")] ?? value(dialog.row, ""status"")} />"
"UI-0395";"app/client-admin/src/ConnectedAdminTools.tsx";"245";"ConnectedAdminTools";"input";"Cobrador:";"text (por defecto)";"{collectorLabel(dialog.row)}";"true";"";"";"";"";"";"";"";"";"READONLY";"Valor calculado/servidor: no aceptar edición; recalcular/verificar en API.";"<input readOnly value={collectorLabel(dialog.row)} />"
"UI-0396";"app/client-admin/src/ConnectedAdminTools.tsx";"245";"ConnectedAdminTools";"input";"Cliente:";"text (por defecto)";"{clientLabel(dialog.row)}";"true";"";"";"";"";"";"";"";"";"READONLY";"Valor calculado/servidor: no aceptar edición; recalcular/verificar en API.";"<input readOnly value={clientLabel(dialog.row)} />"
"UI-0397";"app/client-admin/src/ConnectedAdminTools.tsx";"246";"ConnectedAdminTools";"textarea";"Solicitud:";"text (por defecto)";"{value(dialog.row, ""note"")}";"true";"";"";"";"";"";"";"";"";"READONLY";"Valor calculado/servidor: no aceptar edición; recalcular/verificar en API.";"<textarea readOnly rows={3} value={value(dialog.row, ""note"")} />"
"UI-0398";"app/client-admin/src/ConnectedAdminTools.tsx";"246";"ConnectedAdminTools";"input";"Motivo de atraso:";"text (por defecto)";"{String(reasons.find((row) => row.id === dialog.row?.delayReasonId)?.reason ?? ""Sin motivo de atraso"")}";"true";"";"";"";"";"";"";"";"";"READONLY";"Valor calculado/servidor: no aceptar edición; recalcular/verificar en API.";"<input readOnly value={String(reasons.find((row) => row.id === dialog.row?.delayReasonId)?.reason ?? ""Sin motivo de atraso"")} />"
"UI-0399";"app/client-admin/src/ConnectedAdminTools.tsx";"248";"ConnectedAdminTools";"textarea";"Decisión:";"text (por defecto)";"{value(dialog.row, ""resolutionNote"")}";"true";"";"";"";"";"";"";"";"";"READONLY";"Valor calculado/servidor: no aceptar edición; recalcular/verificar en API.";"<textarea readOnly rows={3} value={value(dialog.row, ""resolutionNote"")} />"
"UI-0400";"app/client-admin/src/ConnectedAdminTools.tsx";"259";"ConnectedAdminTools";"textarea";"Descrip.:";"text (por defecto)";"{String(draft.description ?? """")}";"";"{locked}";"";"";"";"";"{1000}";"";"";"TEXT";"Texto plano Unicode con puntuación legítima; longitud por contrato, sin NUL/controles; saltos de línea solo donde corresponda; escapar al exportar/renderizar.";"<textarea rows={2} maxLength={1000} value={String(draft.description ?? """")} disabled={locked} onChange={(event) => updateDraft(""description"", event.target.value)} />"
"UI-0401";"app/client-admin/src/ConnectedAdminTools.tsx";"272";"ConnectedAdminTools";"input";"Fecha:";"text (por defecto)";"""Al guardar""";"true";"";"";"";"";"";"";"";"";"READONLY";"Valor calculado/servidor: no aceptar edición; recalcular/verificar en API.";"<input readOnly value=""Al guardar"" />"
"UI-0402";"app/client-admin/src/ConnectedAdminTools.tsx";"272";"ConnectedAdminTools";"input";"Estado:";"text (por defecto)";"""Pendiente""";"true";"";"";"";"";"";"";"";"";"READONLY";"Valor calculado/servidor: no aceptar edición; recalcular/verificar en API.";"<input readOnly value=""Pendiente"" />"
"UI-0403";"app/client-admin/src/ConnectedAdminTools.tsx";"274";"ConnectedAdminTools";"input";"Código:";"text (por defecto)";"{draftClient?.code ?? """"}";"true";"";"";"";"";"";"";"";"";"READONLY";"Valor calculado/servidor: no aceptar edición; recalcular/verificar en API.";"<input readOnly value={draftClient?.code ?? """"} />"
"UI-0404";"app/client-admin/src/ConnectedAdminTools.tsx";"275";"ConnectedAdminTools";"input";"Telefono:";"text (por defecto)";"{draftClient?.phone ?? """"}";"true";"";"";"";"";"";"";"";"";"READONLY";"Valor calculado/servidor: no aceptar edición; recalcular/verificar en API.";"<input readOnly value={draftClient?.phone ?? """"} />"
"UI-0405";"app/client-admin/src/ConnectedAdminTools.tsx";"275";"ConnectedAdminTools";"input";"Celular:";"text (por defecto)";"{draftClient?.cellular ?? """"}";"true";"";"";"";"";"";"";"";"";"READONLY";"Valor calculado/servidor: no aceptar edición; recalcular/verificar en API.";"<input readOnly value={draftClient?.cellular ?? """"} />"
"UI-0406";"app/client-admin/src/ConnectedAdminTools.tsx";"277";"ConnectedAdminTools";"textarea";"Detalle de la solicitud:";"text (por defecto)";"{String(draft.note ?? """")}";"";"{locked}";"true";"";"";"";"{2000}";"";"";"TEXT";"Texto plano Unicode con puntuación legítima; longitud por contrato, sin NUL/controles; saltos de línea solo donde corresponda; escapar al exportar/renderizar.";"<textarea autoFocus rows={3} required maxLength={2000} value={String(draft.note ?? """")} disabled={locked} onChange={(event) => updateDraft(""note"", event.target.value)} />"
"UI-0407";"app/client-admin/src/ConnectedAdminTools.tsx";"288";"ConnectedAdminTools";"textarea";"Solicitud:";"text (por defecto)";"{dialog.row ? value(dialog.row, ""note"") : """"}";"true";"";"";"";"";"";"";"";"";"READONLY";"Valor calculado/servidor: no aceptar edición; recalcular/verificar en API.";"<textarea readOnly rows={2} value={dialog.row ? value(dialog.row, ""note"") : """"} />"
"UI-0408";"app/client-admin/src/ConnectedAdminTools.tsx";"289";"ConnectedAdminTools";"select";"Decisión:";"text (por defecto)";"{String(draft.status)}";"";"{locked}";"";"";"";"";"";"";"";"ENUM";"Solo opciones autorizadas del catálogo; comprobar pertenencia y permisos en API.";"<select value={String(draft.status)} disabled={locked} onChange={(event) => updateDraft(""status"", event.target.value)}>"
"UI-0409";"app/client-admin/src/ConnectedAdminTools.tsx";"290";"ConnectedAdminTools";"textarea";"Motivo:";"text (por defecto)";"{String(draft.note ?? """")}";"";"{locked}";"true";"";"";"";"{2000}";"";"";"TEXT";"Texto plano Unicode con puntuación legítima; longitud por contrato, sin NUL/controles; saltos de línea solo donde corresponda; escapar al exportar/renderizar.";"<textarea autoFocus required rows={3} maxLength={2000} value={String(draft.note ?? """")} disabled={locked} onChange={(event) => updateDraft(""note"", event.target.value)} />"
"UI-0410";"app/client-admin/src/ConnectedAdminTools.tsx";"298";"ConnectedAdminTools";"select";"Seleccione:";"text (por defecto)";"{stationChoice}";"";"{locked}";"";"";"";"";"";"";"";"ENUM";"Solo opciones autorizadas del catálogo; comprobar pertenencia y permisos en API.";"<select autoFocus value={stationChoice} disabled={locked} onChange={(event) => setStationChoice(event.target.value)}>"
"UI-0411";"app/client-admin/src/ConnectedCatalog.tsx";"222";"rowCells";"input";"""Usa importe fijo""";"""checkbox""";"";"true";"";"";"";"";"";"";"";"";"READONLY";"Valor calculado/servidor: no aceptar edición; recalcular/verificar en API.";"<input type=""checkbox"" readOnly aria-label=""Usa importe fijo"" checked={Boolean(row.fixedAmount)} />"
"UI-0412";"app/client-admin/src/ConnectedCatalog.tsx";"238";"control";"input";"";"""checkbox""";"";"";"";"";"";"";"";"";"";"";"BOOL";"Solo booleano real; radios/checkboxes y validación API.";"<input {...common} type=""checkbox"" checked={Boolean(draft[key])} onChange={(event) => setDraft((current) => ({ ...current, [key]: event.target.checked }))} />"
"UI-0413";"app/client-admin/src/ConnectedCatalog.tsx";"239";"control";"select";"";"text (por defecto)";"{String(draft[key] ?? """")}";"";"";"";"";"";"";"";"";"";"ENUM";"Solo opciones autorizadas del catálogo; comprobar pertenencia y permisos en API.";"<select {...common} value={String(draft[key] ?? """")} onChange={(event) => setDraft((current) => ({ ...current, [key]: event.target.value }))}>"
"UI-0414";"app/client-admin/src/ConnectedCatalog.tsx";"240";"control";"input";"";"{field.type === ""date"" || field.type === ""password"" ? field.type : ""text""}";"{String(draft[key] ?? """")}";"";"";"";"";"";"";"";"";"{field.type === ""money"" ? ""decimal"" : field.type === ""number"" ? ""numeric"" : undefined}";"SECRET";"Permitir letras, números, espacios y símbolos; no trim, ni transformar, ni lista negra SQL; límites conforme a credencial.";"<input {...common} type={field.type === ""date"" || field.type === ""password"" ? field.type : ""text""} inputMode={field.type === ""money"" ? ""decimal"" : field.type === ""number"" ? ""numeric"" : undefined} autoComplete={field.type === ""password"" ? ""new-password"" : ""off""} value={String(draft[key] ?? """")} onChange={(event) => setDraft((current) => ({ ...current, [key]: event.target.value }))} />"
"UI-0415";"app/client-admin/src/ConnectedCatalog.tsx";"302";"formContent";"input";"""Código del cliente""";"text (por defecto)";"{client?.code ?? """"}";"true";"";"";"";"";"";"";"";"";"READONLY";"Valor calculado/servidor: no aceptar edición; recalcular/verificar en API.";"<input aria-label=""Código del cliente"" value={client?.code ?? """"} readOnly />"
"UI-0416";"app/client-admin/src/ConnectedCatalog.tsx";"302";"formContent";"input";"""Nombre del cliente""";"text (por defecto)";"{client?.name ?? """"}";"true";"";"";"";"";"";"";"";"";"READONLY";"Valor calculado/servidor: no aceptar edición; recalcular/verificar en API.";"<input aria-label=""Nombre del cliente"" value={client?.name ?? """"} readOnly placeholder=""Seleccione un cliente"" />"
"UI-0417";"app/client-admin/src/ConnectedCatalog.tsx";"305";"formContent";"input";"";"text (por defecto)";"""Peso Dominicano (DOP)""";"true";"";"";"";"";"";"";"";"";"READONLY";"Valor calculado/servidor: no aceptar edición; recalcular/verificar en API.";"<input value=""Peso Dominicano (DOP)"" readOnly />"
"UI-0418";"app/client-admin/src/ConnectedCatalog.tsx";"308";"formContent";"input";"Usar Importe de Concepto";"""checkbox""";"";"";"true";"";"";"";"";"";"";"";"READONLY";"Valor calculado/servidor: no aceptar edición; recalcular/verificar en API.";"<input type=""checkbox"" checked={Boolean(editing && editing !== ""new"" && editing.useConceptAmount)} disabled />"
"UI-0419";"app/client-admin/src/ConnectedCatalog.tsx";"353";"ConnectedCatalog";"input";"Buscar:";"text (por defecto)";"{query}";"";"";"";"";"";"";"";"";"";"SEARCH";"Texto de búsqueda acotado; mantener símbolos legítimos; filtrar/parametrizar como valor, no como SQL.";"<input aria-label={""Buscar en "" + definition.title} value={query} onChange={(event) => setQuery(event.target.value)} />"
"UI-0420";"app/client-admin/src/ConnectedCatalog.tsx";"361";"ConnectedCatalog";"input";"Todos";"""radio""";"";"";"";"";"";"";"";"";"";"";"BOOL";"Solo booleano real; radios/checkboxes y validación API.";"<input type=""radio"" name=""connected-recurring-filter"" checked={filterMode === ""all""} onChange={() => setFilterMode(""all"")} />"
"UI-0421";"app/client-admin/src/ConnectedCatalog.tsx";"362";"ConnectedCatalog";"input";"por Cliente:";"""radio""";"";"";"";"";"";"";"";"";"";"";"BOOL";"Solo booleano real; radios/checkboxes y validación API.";"<input type=""radio"" name=""connected-recurring-filter"" checked={filterMode === ""client""} onChange={() => setFilterMode(""client"")} />"
"UI-0422";"app/client-admin/src/ConnectedCatalog.tsx";"362";"ConnectedCatalog";"input";"""Cliente del filtro""";"text (por defecto)";"{snapshot.clients.find((client) => client.id === filterClientId)?.name ?? """"}";"true";"{filterMode !== ""client""}";"";"";"";"";"";"";"";"READONLY";"Valor calculado/servidor: no aceptar edición; recalcular/verificar en API.";"<input aria-label=""Cliente del filtro"" value={snapshot.clients.find((client) => client.id === filterClientId)?.name ?? """"} disabled={filterMode !== ""client""} readOnly />"
"UI-0423";"app/client-admin/src/ConnectedCatalog.tsx";"363";"ConnectedCatalog";"input";"Fecha Inicial:";"""date""";"{from}";"";"";"";"";"";"";"";"";"";"DATE";"Fecha real YYYY-MM-DD y orden de rango; validar en API, no solo atributo date.";"<input type=""date"" value={from} onChange={(event) => setFrom(event.target.value)} />"
"UI-0424";"app/client-admin/src/ConnectedCatalog.tsx";"364";"ConnectedCatalog";"input";"Fecha final:";"""date""";"{to}";"";"";"";"";"";"";"";"";"";"DATE";"Fecha real YYYY-MM-DD y orden de rango; validar en API, no solo atributo date.";"<input type=""date"" value={to} onChange={(event) => setTo(event.target.value)} />"
"UI-0425";"app/client-admin/src/ConnectedCatalog.tsx";"365";"ConnectedCatalog";"select";"Estado:";"text (por defecto)";"{statusFilter}";"";"";"";"";"";"";"";"";"";"ENUM";"Solo opciones autorizadas del catálogo; comprobar pertenencia y permisos en API.";"<select value={statusFilter} onChange={(event) => setStatusFilter(event.target.value)}>"
"UI-0426";"app/client-admin/src/ConnectedCatalog.tsx";"366";"ConnectedCatalog";"input";"Buscar:";"text (por defecto)";"{query}";"";"";"";"";"";"";"";"";"";"SEARCH";"Texto de búsqueda acotado; mantener símbolos legítimos; filtrar/parametrizar como valor, no como SQL.";"<input value={query} onChange={(event) => setQuery(event.target.value)} />"
"UI-0427";"app/client-admin/src/ConnectedCatalog.tsx";"384";"ConnectedCatalog";"input";"";"""password""";"{String(draft.password ?? """")}";"";"{busy}";"true";"";"";"";"";"";"";"SECRET";"Permitir letras, números, espacios y símbolos; no trim, ni transformar, ni lista negra SQL; límites conforme a credencial.";"<input autoFocus type=""password"" disabled={busy} required minLength={MIN_ACCOUNT_PASSWORD_LENGTH} autoComplete=""new-password"" value={String(draft.password ?? """")} onChange={(event) => setDraft((current) => ({ ...current, password: event.target.value }))} />"
"UI-0428";"app/client-admin/src/ConnectedCatalog.tsx";"384";"ConnectedCatalog";"input";"";"""password""";"{String(draft.confirmation ?? """")}";"";"{busy}";"true";"";"";"";"";"";"";"SECRET";"Permitir letras, números, espacios y símbolos; no trim, ni transformar, ni lista negra SQL; límites conforme a credencial.";"<input type=""password"" disabled={busy} required autoComplete=""new-password"" value={String(draft.confirmation ?? """")} onChange={(event) => setDraft((current) => ({ ...current, confirmation: event.target.value }))} />"
"UI-0429";"app/client-admin/src/ConnectedCatalog.tsx";"388";"ConnectedCatalog";"input";"Buscar:";"text (por defecto)";"{clientQuery}";"";"";"";"";"";"";"";"";"";"SEARCH";"Texto de búsqueda acotado; mantener símbolos legítimos; filtrar/parametrizar como valor, no como SQL.";"<input autoFocus value={clientQuery} onChange={(event) => setClientQuery(event.target.value)} />"
"UI-0430";"app/client-admin/src/ConnectedCatalog.tsx";"418";"CollectorLimitsDialog";"input";"Cobro:";"text (por defecto)";"{draft.collectionLimit}";"";"";"true";"";"";"";"";"";"""decimal""";"MONEY";"Decimal positivo de hasta 2 posiciones; sin letras, exponente ni separadores de miles; convertir a centavos exactos; techo por operación.";"<input autoFocus required aria-label=""Límite de cobro (DOP)"" inputMode=""decimal"" value={draft.collectionLimit} onChange={(event) => setDraft((current) => ({ ...current, collectionLimit: event.target.value }))} />"
"UI-0431";"app/client-admin/src/ConnectedCatalog.tsx";"419";"CollectorLimitsDialog";"input";"Pago:";"text (por defecto)";"{draft.payoutLimit}";"";"";"true";"";"";"";"";"";"""decimal""";"MONEY";"Decimal positivo de hasta 2 posiciones; sin letras, exponente ni separadores de miles; convertir a centavos exactos; techo por operación.";"<input required aria-label=""Límite de pago (DOP)"" inputMode=""decimal"" value={draft.payoutLimit} onChange={(event) => setDraft((current) => ({ ...current, payoutLimit: event.target.value }))} />"
"UI-0432";"app/client-admin/src/ConnectedExchangeRates.tsx";"84";"ConnectedExchangeRates";"select";"";"text (por defecto)";"{draft.currency}";"";"";"";"";"";"";"";"";"";"ENUM";"Solo opciones autorizadas del catálogo; comprobar pertenencia y permisos en API.";"<select value={draft.currency} onChange={(event) => setDraft({ ...draft, currency: event.target.value as Currency, rate: event.target.value === ""DOP"" ? ""1.000000"" : """" })}>"
"UI-0433";"app/client-admin/src/ConnectedExchangeRates.tsx";"85";"ConnectedExchangeRates";"input";"";"""date""";"{draft.date}";"true";"";"";"";"";"";"";"";"";"READONLY";"Valor calculado/servidor: no aceptar edición; recalcular/verificar en API.";"<input type=""date"" value={draft.date} readOnly />"
"UI-0434";"app/client-admin/src/ConnectedExchangeRates.tsx";"86";"ConnectedExchangeRates";"input";"""Tasa""";"text (por defecto)";"{draft.rate}";"{draft.currency === ""DOP""}";"";"true";"";"";"";"";"";"""decimal""";"DECIMAL";"Decimal no negativo con precisión y máximo del dominio; no imponer precisión monetaria a tasas.";"<input aria-label=""Tasa"" required inputMode=""decimal"" value={draft.rate} readOnly={draft.currency === ""DOP""} onChange={(event) => setDraft({ ...draft, rate: event.target.value })} />"
"UI-0435";"app/client-admin/src/ConnectedLegacyReports.tsx";"108";"ConnectedLegacyReports";"input";"Fecha inicial:";"""date""";"{from}";"";"{pendingReport}";"";"";"";"";"";"";"";"DATE";"Fecha real YYYY-MM-DD y orden de rango; validar en API, no solo atributo date.";"<input type=""date"" disabled={pendingReport} value={from} onChange={(event) => setFrom(event.target.value)} />"
"UI-0436";"app/client-admin/src/ConnectedLegacyReports.tsx";"109";"ConnectedLegacyReports";"input";"Fecha final:";"""date""";"{to}";"";"{pendingReport}";"";"";"";"";"";"";"";"DATE";"Fecha real YYYY-MM-DD y orden de rango; validar en API, no solo atributo date.";"<input type=""date"" disabled={pendingReport} value={to} onChange={(event) => setTo(event.target.value)} />"
"UI-0437";"app/client-admin/src/ConnectedLegacyReports.tsx";"110";"ConnectedLegacyReports";"select";"Moneda:";"text (por defecto)";"{currency}";"";"";"";"";"";"";"";"";"";"ENUM";"Solo opciones autorizadas del catálogo; comprobar pertenencia y permisos en API.";"<select value={currency} onChange={(event) => setCurrency(event.target.value)}>"
"UI-0438";"app/client-admin/src/ConnectedLegacyReports.tsx";"111";"ConnectedLegacyReports";"select";"Ruta:";"text (por defecto)";"{routeId}";"";"";"";"";"";"";"";"";"";"ENUM";"Solo opciones autorizadas del catálogo; comprobar pertenencia y permisos en API.";"<select value={routeId} onChange={(event) => setRouteId(event.target.value)}>"
"UI-0439";"app/client-admin/src/ConnectedLegacyReports.tsx";"112";"ConnectedLegacyReports";"select";"Zona:";"text (por defecto)";"{zone}";"";"";"";"";"";"";"";"";"";"ENUM";"Solo opciones autorizadas del catálogo; comprobar pertenencia y permisos en API.";"<select value={zone} onChange={(event) => setZone(event.target.value)}>"
"UI-0440";"app/client-admin/src/ConnectedLegacyReports.tsx";"113";"ConnectedLegacyReports";"select";"Cobrador:";"text (por defecto)";"{collectorId}";"";"";"";"";"";"";"";"";"";"ENUM";"Solo opciones autorizadas del catálogo; comprobar pertenencia y permisos en API.";"<select value={collectorId} onChange={(event) => setCollectorId(event.target.value)}>"
"UI-0441";"app/client-admin/src/ConnectedLegacyReports.tsx";"114";"ConnectedLegacyReports";"select";"{servicesReport ? ""Servicio:"" : ""Concepto:""}";"text (por defecto)";"{concept}";"";"";"";"";"";"";"";"";"";"ENUM";"Solo opciones autorizadas del catálogo; comprobar pertenencia y permisos en API.";"<select value={concept} onChange={(event) => setConcept(event.target.value)}>"
"UI-0442";"app/client-admin/src/ConnectedLegacyReports.tsx";"115";"ConnectedLegacyReports";"select";"Presentación:";"text (por defecto)";"{grouping}";"";"";"";"";"";"";"";"";"";"ENUM";"Solo opciones autorizadas del catálogo; comprobar pertenencia y permisos en API.";"<select value={grouping} onChange={(event) => setGrouping(event.target.value)}>"
"UI-0443";"app/client-admin/src/ConnectedLegacyReports.tsx";"157";"ConnectedLegacyReports";"select";"";"text (por defecto)";"";"";"";"";"";"";"";"";"";"";"ENUM";"Solo opciones autorizadas del catálogo; comprobar pertenencia y permisos en API.";"<select defaultValue=""csv"">"
"UI-0444";"app/client-admin/src/ConnectedSettlements.tsx";"98";"ConnectedSettlements";"input";"Fecha Inicial:";"""date""";"{from}";"";"";"";"";"";"";"";"";"";"DATE";"Fecha real YYYY-MM-DD y orden de rango; validar en API, no solo atributo date.";"<input type=""date"" value={from} onChange={(event) => setFrom(event.target.value)} />"
"UI-0445";"app/client-admin/src/ConnectedSettlements.tsx";"99";"ConnectedSettlements";"input";"Fecha Final:";"""date""";"{to}";"";"";"";"";"";"";"";"";"";"DATE";"Fecha real YYYY-MM-DD y orden de rango; validar en API, no solo atributo date.";"<input type=""date"" value={to} onChange={(event) => setTo(event.target.value)} />"
"UI-0446";"app/client-admin/src/ConnectedSettlements.tsx";"100";"ConnectedSettlements";"select";"Moneda:";"text (por defecto)";"""DOP""";"";"true";"";"";"";"";"";"";"";"READONLY";"Valor calculado/servidor: no aceptar edición; recalcular/verificar en API.";"<select value=""DOP"" disabled>"
"UI-0447";"app/client-admin/src/ConnectedSettlements.tsx";"101";"ConnectedSettlements";"select";"Cobrador:";"text (por defecto)";"{filterCollectorId}";"";"";"";"";"";"";"";"";"";"ENUM";"Solo opciones autorizadas del catálogo; comprobar pertenencia y permisos en API.";"<select value={filterCollectorId} onChange={(event) => setFilterCollectorId(event.target.value)}>"
"UI-0448";"app/client-admin/src/ConnectedSettlements.tsx";"122";"ConnectedSettlements";"select";"Cobrador:";"text (por defecto)";"{collectorId}";"";"{busy}";"true";"";"";"";"";"";"";"ENUM";"Solo opciones autorizadas del catálogo; comprobar pertenencia y permisos en API.";"<select value={collectorId} disabled={busy} onChange={(event) => setCollectorId(event.target.value)} required>"
"UI-0449";"app/client-admin/src/ConnectedSettlements.tsx";"123";"ConnectedSettlements";"input";"Jornada:";"""date""";"{date}";"";"{busy}";"true";"";"";"";"";"";"";"DATE";"Fecha real YYYY-MM-DD y orden de rango; validar en API, no solo atributo date.";"<input type=""date"" value={date} disabled={busy} required onChange={(event) => setDate(event.target.value)} />"
"UI-0450";"app/client-admin/src/ConnectedSettlements.tsx";"127";"ConnectedSettlements";"input";"Fecha:";"text (por defecto)";"{preview.date}";"true";"";"";"";"";"";"";"";"";"READONLY";"Valor calculado/servidor: no aceptar edición; recalcular/verificar en API.";"<input value={preview.date} readOnly />"
"UI-0451";"app/client-admin/src/ConnectedSettlements.tsx";"127";"ConnectedSettlements";"input";"Moneda:";"text (por defecto)";"""DOP""";"true";"";"";"";"";"";"";"";"";"READONLY";"Valor calculado/servidor: no aceptar edición; recalcular/verificar en API.";"<input value=""DOP"" readOnly />"
"UI-0452";"app/client-admin/src/ConnectedSettlements.tsx";"129";"ConnectedSettlements";"input";"";"text (por defecto)";"{formatMoney(preview.balance[key], ""DOP"")}";"true";"";"";"";"";"";"";"";"";"READONLY";"Valor calculado/servidor: no aceptar edición; recalcular/verificar en API.";"<input value={formatMoney(preview.balance[key], ""DOP"")} readOnly />"
"UI-0453";"app/client-admin/src/ConnectedSettlements.tsx";"137";"ConnectedSettlements";"input";"Fecha:";"text (por defecto)";"{detail.date}";"true";"";"";"";"";"";"";"";"";"READONLY";"Valor calculado/servidor: no aceptar edición; recalcular/verificar en API.";"<input value={detail.date} readOnly />"
"UI-0454";"app/client-admin/src/ConnectedSettlements.tsx";"137";"ConnectedSettlements";"input";"Moneda:";"text (por defecto)";"""DOP""";"true";"";"";"";"";"";"";"";"";"READONLY";"Valor calculado/servidor: no aceptar edición; recalcular/verificar en API.";"<input value=""DOP"" readOnly />"
"UI-0455";"app/client-admin/src/ConnectedSettlements.tsx";"139";"ConnectedSettlements";"input";"";"text (por defecto)";"{formatMoney(detail[key], ""DOP"")}";"true";"";"";"";"";"";"";"";"";"READONLY";"Valor calculado/servidor: no aceptar edición; recalcular/verificar en API.";"<input value={formatMoney(detail[key], ""DOP"")} readOnly />"
"UI-0456";"app/client-admin/src/ConnectedSettlements.tsx";"145";"ConnectedSettlements";"select";"";"text (por defecto)";"";"";"";"";"";"";"";"";"";"";"ENUM";"Solo opciones autorizadas del catálogo; comprobar pertenencia y permisos en API.";"<select defaultValue=""csv"">"
"UI-0457";"app/client-admin/src/ConnectedUserPermissionsDialog.tsx";"128";"PermissionPicker";"select";"Categoría:";"text (por defecto)";"{category}";"";"";"";"";"";"";"";"";"";"ENUM";"Solo opciones autorizadas del catálogo; comprobar pertenencia y permisos en API.";"<select autoFocus value={category} onChange={(event) => { setCategory(event.target.value as PermissionCategory); setSelectedId(null); setError(""""); }}>"
"UI-0458";"app/client-admin/src/Directory.tsx";"242";"Directory";"input";"{search && ( <button className=""icon-button small"" aria-label=""Limpiar búsqueda"" onClick={() => setSearch("""")} > <X size={14} /> </button> )}";"text (por defecto)";"{search}";"";"";"";"";"";"";"";"";"";"SEARCH";"Texto de búsqueda acotado; mantener símbolos legítimos; filtrar/parametrizar como valor, no como SQL.";"<input aria-label=""Buscar clientes o conceptos"" placeholder={ kind === ""payouts"" ? ""Buscar cliente, beneficiario o remesa…"" : ""Buscar cliente, código o concepto…"" } value={search} onChange={(event) => { setSearch(event.target.value); setPage(1); }} />"
"UI-0459";"app/client-admin/src/Directory.tsx";"267";"Directory";"select";"""Filtrar por ruta""";"text (por defecto)";"{route}";"";"";"";"";"";"";"";"";"";"ENUM";"Solo opciones autorizadas del catálogo; comprobar pertenencia y permisos en API.";"<select aria-label=""Filtrar por ruta"" value={route} onChange={(event) => { setRoute(event.target.value); setPage(1); }} >"
"UI-0460";"app/client-admin/src/Directory.tsx";"297";"Directory";"input";"{label}";"""checkbox""";"";"";"";"";"";"";"";"";"";"";"BOOL";"Solo booleano real; radios/checkboxes y validación API.";"<input type=""checkbox"" checked={columns[key as keyof typeof columns]} onChange={() => setColumns((old) => ({ ...old, [key]: !old[key as keyof typeof old], })) } />"
"UI-0461";"app/client-admin/src/Directory.tsx";"366";"Directory";"input";"""Seleccionar página""";"""checkbox""";"";"";"";"";"";"";"";"";"";"";"BOOL";"Solo booleano real; radios/checkboxes y validación API.";"<input type=""checkbox"" aria-label=""Seleccionar página"" checked={allSelected} onChange={() => setSelected((old) => allSelected ? old.filter( (id) => !visible.some((r) => r.id === id), ) : [ ...new Set([ ...old, ...visible.map((r) => r.id), ]), ], ) } />"
"UI-0462";"app/client-admin/src/Directory.tsx";"411";"Directory";"input";"{`Seleccionar ${row.name}`}";"""checkbox""";"";"";"";"";"";"";"";"";"";"";"BOOL";"Solo booleano real; radios/checkboxes y validación API.";"<input type=""checkbox"" aria-label={`Seleccionar ${row.name}`} checked={selected.includes(row.id)} onChange={() => setSelected((old) => old.includes(row.id) ? old.filter((id) => id !== row.id) : [...old, row.id], ) } />"
"UI-0463";"app/client-admin/src/LegacyConnectedUi.tsx";"58";"LegacyCheck";"input";"{checked ? ""Activo"" : ""Inactivo""}";"""checkbox""";"";"true";"";"";"";"";"";"";"";"";"READONLY";"Valor calculado/servidor: no aceptar edición; recalcular/verificar en API.";"<input type=""checkbox"" checked={checked} readOnly aria-label={checked ? ""Activo"" : ""Inactivo""} />"
"UI-0464";"app/client-admin/src/Operations.tsx";"170";"OperationForm";"select";"Cliente";"text (por defecto)";"{clientId}";"";"";"true";"";"";"";"";"";"";"ENUM";"Solo opciones autorizadas del catálogo; comprobar pertenencia y permisos en API.";"<select value={clientId} onChange={(event) => setClientId(event.target.value)} required >"
"UI-0465";"app/client-admin/src/Operations.tsx";"186";"OperationForm";"select";"Cobrador responsable";"text (por defecto)";"{collectorId}";"";"";"true";"";"";"";"";"";"";"ENUM";"Solo opciones autorizadas del catálogo; comprobar pertenencia y permisos en API.";"<select value={collectorId} onChange={(event) => setCollectorId(event.target.value)} required >"
"UI-0466";"app/client-admin/src/Operations.tsx";"202";"OperationForm";"input";"Concepto";"text (por defecto)";"{concept}";"";"";"true";"";"";"";"{120}";"";"";"TEXT";"Texto plano Unicode con puntuación legítima; longitud por contrato, sin NUL/controles; saltos de línea solo donde corresponda; escapar al exportar/renderizar.";"<input required minLength={2} maxLength={120} value={concept} onChange={(event) => setConcept(event.target.value)} placeholder={ type === ""payout"" ? ""Ej. Remesa autorizada / pago a beneficiario"" : ""Ej. Tarifa eléctrica mensual"" } />"
"UI-0467";"app/client-admin/src/Operations.tsx";"221";"OperationForm";"input";"{recurring ? ""Monto fijo por cliente"" : ""Monto""} (RD$)";"""number""";"{amount}";"";"";"true";"""0.01""";"""100000000""";"""0.01""";"";"";"""decimal""";"MONEY";"Decimal positivo de hasta 2 posiciones; sin letras, exponente ni separadores de miles; convertir a centavos exactos; techo por operación.";"<input required inputMode=""decimal"" type=""number"" min=""0.01"" max=""100000000"" step=""0.01"" value={amount} onChange={(event) => setAmount(event.target.value)} placeholder=""0.00"" />"
"UI-0468";"app/client-admin/src/Operations.tsx";"237";"OperationForm";"input";"Fecha de vencimiento";"""date""";"{dueDate}";"";"";"true";"";"";"";"";"";"";"DATE";"Fecha real YYYY-MM-DD y orden de rango; validar en API, no solo atributo date.";"<input type=""date"" value={dueDate} onChange={(event) => setDueDate(event.target.value)} required />"
"UI-0469";"app/client-admin/src/Operations.tsx";"248";"OperationForm";"input";"";"""checkbox""";"";"";"";"";"";"";"";"";"";"";"BOOL";"Solo booleano real; radios/checkboxes y validación API.";"<input type=""checkbox"" checked={required} onChange={(event) => setRequired(event.target.checked)} />"
"UI-0470";"app/client-admin/src/Settlement.tsx";"114";"Settlement";"select";"Cobrador";"text (por defecto)";"{collectorId}";"";"";"";"";"";"";"";"";"";"ENUM";"Solo opciones autorizadas del catálogo; comprobar pertenencia y permisos en API.";"<select value={collectorId} onChange={(event) => setCollectorId(event.target.value)} >"
"UI-0471";"app/client-admin/src/Settlement.tsx";"127";"Settlement";"input";"Fecha de operación";"""date""";"{date}";"";"";"";"";"{snapshot.businessDate}";"";"";"";"";"DATE";"Fecha real YYYY-MM-DD y orden de rango; validar en API, no solo atributo date.";"<input type=""date"" value={date} max={snapshot.businessDate} onChange={(event) => { if (event.target.value) setDate(event.target.value); }} />"
"UI-0472";"app/client-admin/src/Users.tsx";"176";"AccountForm";"input";"Nombre";"text (por defecto)";"{name}";"";"";"true";"";"";"";"";"";"";"NAME";"Texto Unicode legible: letras con acentos, números cuando sea nombre comercial/catálogo y puntuación legítima; límites por contrato; sin controles invisibles.";"<input value={name} onChange={(event) => setName(event.target.value)} placeholder=""Nombre de la persona"" autoComplete=""name"" required />"
"UI-0473";"app/client-admin/src/Users.tsx";"184";"AccountForm";"input";"Apodo";"text (por defecto)";"{nickname}";"";"";"";"";"";"";"{120}";"";"";"NAME";"Texto Unicode legible: letras con acentos, números cuando sea nombre comercial/catálogo y puntuación legítima; límites por contrato; sin controles invisibles.";"<input maxLength={120} value={nickname} onChange={(event) => setNickname(event.target.value)} />"
"UI-0474";"app/client-admin/src/Users.tsx";"185";"AccountForm";"textarea";"Nota";"text (por defecto)";"{note}";"";"";"";"";"";"";"{1000}";"";"";"TEXT";"Texto plano Unicode con puntuación legítima; longitud por contrato, sin NUL/controles; saltos de línea solo donde corresponda; escapar al exportar/renderizar.";"<textarea maxLength={1000} value={note} onChange={(event) => setNote(event.target.value)} rows={2} />"
"UI-0475";"app/client-admin/src/Users.tsx";"188";"AccountForm";"input";"Correo";"""email""";"{email}";"";"";"true";"";"";"";"";"";"";"EMAIL";"Validar correo completo; admite @ . + _ y símbolos válidos; opcional vacío si contrato lo permite; máximo API 200.";"<input type=""email"" value={email} onChange={(event) => setEmail(event.target.value)} placeholder=""correo@empresa.com"" autoComplete=""email"" required />"
"UI-0476";"app/client-admin/src/Users.tsx";"199";"AccountForm";"select";"Rol";"text (por defecto)";"{role}";"";"";"";"";"";"";"";"";"";"ENUM";"Solo opciones autorizadas del catálogo; comprobar pertenencia y permisos en API.";"<select value={role} onChange={(event) => setRole(event.target.value as ""admin"" | ""collector"") } >"
"UI-0477";"app/client-admin/src/Users.tsx";"212";"AccountForm";"select";"Cobrador asignado";"text (por defecto)";"{collectorId}";"";"";"";"";"";"";"";"";"";"ENUM";"Solo opciones autorizadas del catálogo; comprobar pertenencia y permisos en API.";"<select value={collectorId} onChange={(event) => setCollectorId(event.target.value)} >"
"UI-0478";"app/client-admin/src/Users.tsx";"249";"AccountForm";"input";"Contraseña ( {MIN_LENGTH} caracteres mínimo)";"""password""";"{password}";"";"";"true";"";"";"";"";"";"";"SECRET";"Permitir letras, números, espacios y símbolos; no trim, ni transformar, ni lista negra SQL; límites conforme a credencial.";"<input type=""password"" value={password} onChange={(event) => setPassword(event.target.value)} placeholder=""Contraseña inicial"" autoComplete=""new-password"" required minLength={MIN_LENGTH} />"
"UI-0479";"app/client-collector/src/App.tsx";"722";"Login";"input";"Usuario / Email";"""text""";"{email}";"";"";"true";"";"";"";"";"";"";"EMAIL";"Validar correo completo; admite @ . + _ y símbolos válidos; opcional vacío si contrato lo permite; máximo API 200.";"<input type=""text"" required autoComplete=""username"" placeholder=""usuario@empresa.com"" value={email} onChange={(event) => setEmail(event.target.value)} />"
"UI-0480";"app/client-collector/src/App.tsx";"734";"Login";"input";"Contraseña";"{showPassword ? ""text"" : ""password""}";"{password}";"";"";"true";"";"";"";"";"";"";"SECRET";"Permitir letras, números, espacios y símbolos; no trim, ni transformar, ni lista negra SQL; límites conforme a credencial.";"<input type={showPassword ? ""text"" : ""password""} required autoComplete=""current-password"" placeholder=""Tu contraseña"" value={password} onChange={(event) => setPassword(event.target.value)} />"
"UI-0481";"app/client-collector/src/App.tsx";"1066";"RouteView";"input";"Cuota exigible";"text (por defecto)";"{(currentCharge.amount - currentCharge.collected) / 100}";"true";"";"";"";"";"";"";"";"""decimal""";"READONLY";"Valor calculado/servidor: no aceptar edición; recalcular/verificar en API.";"<input readOnly inputMode=""decimal"" value={(currentCharge.amount - currentCharge.collected) / 100} />"
"UI-0482";"app/client-collector/src/App.tsx";"1157";"RouteView";"input";"{query && ( <button className=""icon-button"" aria-label=""Limpiar búsqueda"" onClick={() => setQuery("""")} > <X size={17} /> </button> )}";"text (por defecto)";"{query}";"";"";"";"";"";"";"";"";"";"SEARCH";"Texto de búsqueda acotado; mantener símbolos legítimos; filtrar/parametrizar como valor, no como SQL.";"<input placeholder=""Buscar cliente o servicio"" aria-label=""Buscar cliente o servicio"" value={query} onChange={(event) => setQuery(event.target.value)} />"
"UI-0483";"app/client-collector/src/App.tsx";"1482";"ReceiptsView";"input";"""Buscar recibo""";"text (por defecto)";"{query}";"";"";"";"";"";"";"";"";"";"SEARCH";"Texto de búsqueda acotado; mantener símbolos legítimos; filtrar/parametrizar como valor, no como SQL.";"<input aria-label=""Buscar recibo"" placeholder=""Buscar cliente o referencia"" value={query} onChange={(event) => setQuery(event.target.value)} />"
"UI-0484";"app/client-collector/src/CollectionSheet.tsx";"221";"CollectionSheet";"input";"";"text (por defecto)";"{value}";"{!!attempt || busy}";"";"";"";"";"";"";"";"""decimal""";"MONEY";"Decimal positivo de hasta 2 posiciones; sin letras, exponente ni separadores de miles; convertir a centavos exactos; techo por operación.";"<input id=""collection-amount"" inputMode=""decimal"" value={value} readOnly={!!attempt || busy} onFocus={() => setReplace(true)} onChange={(e) => { if (/^\d{0,8}(\.\d{0,2})?$/.test(e.target.value)) { setValue(e.target.value); setReplace(false); } }} aria-describedby=""amount-help"" />"
"UI-0485";"app/client-collector/src/CollectionSheet.tsx";"300";"CollectionSheet";"input";"{`Cantidad de ${bill} pesos`}";"""number""";"{bills[bill] || """"}";"";"{busy || !!attempt}";"";"""0""";"";"""1""";"";"";"""numeric""";"INT";"Solo entero dentro de rango; sin decimales, letras, exponentes ni signos no autorizados.";"<input aria-label={`Cantidad de ${bill} pesos`} inputMode=""numeric"" type=""number"" min=""0"" step=""1"" value={bills[bill] || """"} disabled={busy || !!attempt} onChange={(e) => setBills({ ...bills, [bill]: Math.max(0, Math.floor(Number(e.target.value))), }) } />"
"UI-0486";"app/client-collector/src/ReceiptView.tsx";"218";"ReceiptView";"select";"Ancho de papel";"text (por defecto)";"{width}";"";"";"";"";"";"";"";"";"";"ENUM";"Solo opciones autorizadas del catálogo; comprobar pertenencia y permisos en API.";"<select value={width} onChange={(event) => setWidth(event.target.value as ""58"" | ""80"") } >"
"UI-0487";"app/client-collector/src/ReceiptView.tsx";"253";"ReceiptView";"input";"Enlace privado del comprobante";"text (por defecto)";"{url}";"true";"";"";"";"";"";"";"";"";"READONLY";"Valor calculado/servidor: no aceptar edición; recalcular/verificar en API.";"<input readOnly value={url} onFocus={(event) => event.target.select()} />"
"UI-0488";"app/shared/remittances/RemittancesWorkspace.tsx";"53";"ClientPicker";"input";"{label}";"""search""";"{query}";"";"";"";"";"";"";"";"";"""text""";"SEARCH";"Texto de búsqueda acotado; mantener símbolos legítimos; filtrar/parametrizar como valor, no como SQL.";"<input id={id} type=""search"" inputMode=""text"" autoComplete=""off"" value={query} role=""combobox"" aria-autocomplete=""list"" aria-expanded={expanded} aria-controls={`${id}-options`} aria-activedescendant={expanded && visible[highlight] ? `${id}-${highlight}` : undefined} onFocus={() => { setExpanded(true); setHighlight(-1); }} onBlur={() => setExpanded(false)} onChange={(event) => { onQuery(event.target.value); setExpanded(true); setHighlight(-1); }} onKeyDown={(event) => { if (event.key === ""ArrowDown"" || event.key === ""ArrowUp"") { event.preventDefault(); setExpanded(true); setHighlight((current) => Math.min(Math.max(current + (event.key === ""ArrowDown"" ? 1 : -1), 0), Math.max(visible.length - 1, 0))); } if (event.key === ""Enter"" && expanded) { event.preventDefault(); if (visible[Math.max(highlight, 0)]) choose(visible[Math.max(highlight, 0)]); } if (event.key === ""Escape"" && expanded) { event.preventDefault(); setExpanded(false); } }} placeholder=""Código telefónico o nombre del cliente"" />"
"UI-0489";"app/shared/remittances/RemittancesWorkspace.tsx";"269";"RemittancesWorkspace";"input";"Buscar";"""search""";"{search}";"";"";"";"";"";"";"";"";"";"SEARCH";"Texto de búsqueda acotado; mantener símbolos legítimos; filtrar/parametrizar como valor, no como SQL.";"<input type=""search"" value={search} onChange={(event) => setSearch(event.target.value)} placeholder=""Referencia o cliente"" />"
"UI-0490";"app/shared/remittances/RemittancesWorkspace.tsx";"269";"RemittancesWorkspace";"select";"Estado";"text (por defecto)";"{status}";"";"";"";"";"";"";"";"";"";"ENUM";"Solo opciones autorizadas del catálogo; comprobar pertenencia y permisos en API.";"<select value={status} onChange={(event) => setStatus(event.target.value)}>"
"UI-0491";"app/shared/remittances/RemittancesWorkspace.tsx";"274";"RemittancesWorkspace";"select";"Operador del envío";"text (por defecto)";"{draft.sendingUserId}";"";"";"true";"";"";"";"";"";"";"ENUM";"Solo opciones autorizadas del catálogo; comprobar pertenencia y permisos en API.";"<select required value={draft.sendingUserId} onChange={(event) => updateDraft(""sendingUserId"", event.target.value)}>"
"UI-0492";"app/shared/remittances/RemittancesWorkspace.tsx";"275";"RemittancesWorkspace";"select";"Moneda del remitente";"text (por defecto)";"{draft.sourceCurrency}";"";"";"";"";"";"";"";"";"";"ENUM";"Solo opciones autorizadas del catálogo; comprobar pertenencia y permisos en API.";"<select value={draft.sourceCurrency} onChange={(event) => updateDraft(""sourceCurrency"", event.target.value as Currency)}>"
"UI-0493";"app/shared/remittances/RemittancesWorkspace.tsx";"276";"RemittancesWorkspace";"input";"Principal ( {draft.sourceCurrency} )";"text (por defecto)";"{draft.amount}";"";"";"true";"";"";"";"";"";"""decimal""";"MONEY";"Decimal positivo de hasta 2 posiciones; sin letras, exponente ni separadores de miles; convertir a centavos exactos; techo por operación.";"<input required inputMode=""decimal"" value={draft.amount} onChange={(event) => updateDraft(""amount"", event.target.value)} placeholder=""0.00"" />"
"UI-0494";"app/shared/remittances/RemittancesWorkspace.tsx";"277";"RemittancesWorkspace";"select";"Moneda del destinatario";"text (por defecto)";"{draft.destinationCurrency}";"";"";"";"";"";"";"";"";"";"ENUM";"Solo opciones autorizadas del catálogo; comprobar pertenencia y permisos en API.";"<select value={draft.destinationCurrency} onChange={(event) => updateDraft(""destinationCurrency"", event.target.value as Currency)}>"
"UI-0495";"app/shared/remittances/RemittancesWorkspace.tsx";"278";"RemittancesWorkspace";"input";"Comisión (%)";"text (por defecto)";"{draft.commission}";"";"";"true";"";"";"";"";"";"""decimal""";"DECIMAL";"Decimal no negativo con precisión y máximo del dominio; no imponer precisión monetaria a tasas.";"<input required inputMode=""decimal"" value={draft.commission} onChange={(event) => updateDraft(""commission"", event.target.value)} />"
"UI-0496";"app/shared/remittances/RemittancesWorkspace.tsx";"279";"RemittancesWorkspace";"input";"";"""checkbox""";"";"";"";"";"";"";"";"";"";"";"BOOL";"Solo booleano real; radios/checkboxes y validación API.";"<input type=""checkbox"" checked={draft.managerInfo} onChange={(event) => updateDraft(""managerInfo"", event.target.checked)} />"
"UI-0497";"app/shared/remittances/RemittancesWorkspace.tsx";"281";"RemittancesWorkspace";"input";"Gestor (información manual)";"text (por defecto)";"{draft.managerName}";"";"";"true";"";"";"";"{160}";"";"";"NAME";"Texto Unicode legible: letras con acentos, números cuando sea nombre comercial/catálogo y puntuación legítima; límites por contrato; sin controles invisibles.";"<input required maxLength={160} value={draft.managerName} onChange={(event) => updateDraft(""managerName"", event.target.value)} />"
"UI-0498";"app/shared/remittances/RemittancesWorkspace.tsx";"282";"RemittancesWorkspace";"input";"Comisión informativa del gestor";"text (por defecto)";"{draft.managerAmount}";"";"";"true";"";"";"";"";"";"""decimal""";"MONEY";"Decimal positivo de hasta 2 posiciones; sin letras, exponente ni separadores de miles; convertir a centavos exactos; techo por operación.";"<input required inputMode=""decimal"" value={draft.managerAmount} onChange={(event) => updateDraft(""managerAmount"", event.target.value)} placeholder=""0.00"" />"
"UI-0499";"app/shared/remittances/RemittancesWorkspace.tsx";"283";"RemittancesWorkspace";"select";"Moneda de comisión del gestor";"text (por defecto)";"{draft.managerCurrency}";"";"";"true";"";"";"";"";"";"";"ENUM";"Solo opciones autorizadas del catálogo; comprobar pertenencia y permisos en API.";"<select required value={draft.managerCurrency} onChange={(event) => updateDraft(""managerCurrency"", event.target.value as Currency | """")}>"
"UI-0500";"app/shared/remittances/RemittancesWorkspace.tsx";"286";"RemittancesWorkspace";"textarea";"Nota (opcional)";"text (por defecto)";"{draft.note}";"";"";"";"";"";"";"{500}";"";"";"TEXT";"Texto plano Unicode con puntuación legítima; longitud por contrato, sin NUL/controles; saltos de línea solo donde corresponda; escapar al exportar/renderizar.";"<textarea maxLength={500} rows={2} value={draft.note} onChange={(event) => updateDraft(""note"", event.target.value)} />"
"UI-0501";"app/shared/remittances/RemittancesWorkspace.tsx";"295";"RemittancesWorkspace";"select";"Moneda";"text (por defecto)";"{rate.currency}";"";"";"";"";"";"";"";"";"";"ENUM";"Solo opciones autorizadas del catálogo; comprobar pertenencia y permisos en API.";"<select value={rate.currency} onChange={(event) => setRate({ currency: event.target.value as Currency, value: event.target.value === ""DOP"" ? ""1.000000"" : """" })}>"
"UI-0502";"app/shared/remittances/RemittancesWorkspace.tsx";"295";"RemittancesWorkspace";"input";"Tasa";"text (por defecto)";"{rate.value}";"{rate.currency === ""DOP""}";"";"true";"";"";"";"";"";"""decimal""";"DECIMAL";"Decimal no negativo con precisión y máximo del dominio; no imponer precisión monetaria a tasas.";"<input required aria-describedby=""remittance-rate-unit"" inputMode=""decimal"" value={rate.value} readOnly={rate.currency === ""DOP""} onChange={(event) => setRate((current) => ({ ...current, value: event.target.value }))} placeholder=""0.000000"" />"
"UI-0503";"app/shared/remittances/RemittancesWorkspace.tsx";"301";"RemittancesWorkspace";"select";"Operador";"text (por defecto)";"{opening.operatorId}";"";"";"true";"";"";"";"";"";"";"ENUM";"Solo opciones autorizadas del catálogo; comprobar pertenencia y permisos en API.";"<select required value={opening.operatorId} onChange={(event) => setOpening((current) => ({ ...current, operatorId: event.target.value }))}>"
"UI-0504";"app/shared/remittances/RemittancesWorkspace.tsx";"301";"RemittancesWorkspace";"select";"Moneda";"text (por defecto)";"{opening.currency}";"";"";"";"";"";"";"";"";"";"ENUM";"Solo opciones autorizadas del catálogo; comprobar pertenencia y permisos en API.";"<select value={opening.currency} onChange={(event) => setOpening((current) => ({ ...current, currency: event.target.value as Currency }))}>"
"UI-0505";"app/shared/remittances/RemittancesWorkspace.tsx";"301";"RemittancesWorkspace";"input";"Efectivo inicial";"text (por defecto)";"{opening.amount}";"";"";"true";"";"";"";"";"";"""decimal""";"MONEY";"Decimal positivo de hasta 2 posiciones; sin letras, exponente ni separadores de miles; convertir a centavos exactos; techo por operación.";"<input required inputMode=""decimal"" value={opening.amount} onChange={(event) => setOpening((current) => ({ ...current, amount: event.target.value }))} />"
"UI-0506";"app/shared/remittances/RemittancesWorkspace.tsx";"305";"RemittancesWorkspace";"input";"Desde";"""date""";"{reportFilters.from}";"";"";"true";"";"";"";"";"";"";"DATE";"Fecha real YYYY-MM-DD y orden de rango; validar en API, no solo atributo date.";"<input type=""date"" required value={reportFilters.from} onChange={(event) => updateReportFilter({ from: event.target.value })} />"
"UI-0507";"app/shared/remittances/RemittancesWorkspace.tsx";"305";"RemittancesWorkspace";"input";"Hasta";"""date""";"{reportFilters.to}";"";"";"true";"";"";"";"";"";"";"DATE";"Fecha real YYYY-MM-DD y orden de rango; validar en API, no solo atributo date.";"<input type=""date"" required value={reportFilters.to} onChange={(event) => updateReportFilter({ to: event.target.value })} />"
"UI-0508";"app/shared/remittances/RemittancesWorkspace.tsx";"305";"RemittancesWorkspace";"select";"Presentación";"text (por defecto)";"{reportFilters.grouping}";"";"";"";"";"";"";"";"";"";"ENUM";"Solo opciones autorizadas del catálogo; comprobar pertenencia y permisos en API.";"<select value={reportFilters.grouping} onChange={(event) => updateReportFilter({ grouping: event.target.value as ""range"" | ""day"" })}>"
"UI-0509";"app/shared/remittances/RemittancesWorkspace.tsx";"305";"RemittancesWorkspace";"select";"Reporte";"text (por defecto)";"{reportFilters.type}";"";"";"";"";"";"";"";"";"";"ENUM";"Solo opciones autorizadas del catálogo; comprobar pertenencia y permisos en API.";"<select value={reportFilters.type} onChange={(event) => setReportFilters((current) => ({ ...current, type: event.target.value }))}>"
"UI-0510";"app/shared/remittances/RemittancesWorkspace.tsx";"315";"RemittancesWorkspace";"textarea";"Motivo de cancelación";"text (por defecto)";"{cancelReason}";"";"";"true";"";"";"";"{500}";"";"";"TEXT";"Texto plano Unicode con puntuación legítima; longitud por contrato, sin NUL/controles; saltos de línea solo donde corresponda; escapar al exportar/renderizar.";"<textarea required maxLength={500} value={cancelReason} onChange={(event) => setCancelReason(event.target.value)} />"
"UI-0511";"app/shared/remittances/RemittancesWorkspace.tsx";"317";"RemittancesWorkspace";"input";"Efectivo contado";"text (por defecto)";"{counted}";"";"";"true";"";"";"";"";"";"""decimal""";"MONEY";"Decimal positivo de hasta 2 posiciones; sin letras, exponente ni separadores de miles; convertir a centavos exactos; techo por operación.";"<input autoFocus required inputMode=""decimal"" value={counted} onChange={(event) => setCounted(event.target.value)} />"
